CREATE TABLE IF NOT EXISTS "auth_group" ("id" integer NOT NULL PRIMARY KEY AUTOINCREMENT, "name" varchar(150) NOT NULL UNIQUE);
CREATE UNIQUE INDEX "django_content_type_app_label_model_76bd3d3b_uniq" ON "django_content_type" ("app_label", "model");
CREATE UNIQUE INDEX "auth_group_permissions_group_id_permission_id_0cd325b0_uniq" ON "auth_group_permissions" ("group_id", "permission_id");
CREATE INDEX IF NOT EXISTS "auth_group_permissions_group_id_b120cbf9" ON "auth_group_permissions" ("group_id");
CREATE INDEX IF NOT EXISTS "auth_group_permissions_permission_id_84c5c92e" ON "auth_group_permissions" ("permission_id");
CREATE UNIQUE INDEX "auth_permission_content_type_id_codename_01ab375a_uniq" ON "auth_permission" ("content_type_id", "codename");
CREATE INDEX IF NOT EXISTS "auth_permission_content_type_id_2f476e4b" ON "auth_permission" ("content_type_id");
CREATE INDEX IF NOT EXISTS "v1_customuser_user_district_id_95d0f4e5" ON "v1_customuser" ("user_district_id");
CREATE INDEX IF NOT EXISTS "v1_customuser_user_state_id_6f146892" ON "v1_customuser" ("user_state_id");
CREATE UNIQUE INDEX "v1_customuser_groups_customuser_id_group_id_8dacacb2_uniq" ON "v1_customuser_groups" ("customuser_id", "group_id");
CREATE INDEX IF NOT EXISTS "v1_customuser_groups_customuser_id_b2aad204" ON "v1_customuser_groups" ("customuser_id");
CREATE INDEX IF NOT EXISTS "v1_customuser_groups_group_id_a5d7ad54" ON "v1_customuser_groups" ("group_id");
CREATE UNIQUE INDEX "v1_customuser_user_permissions_customuser_id_permission_id_ea0f6ae4_uniq" ON "v1_customuser_user_permissions" ("customuser_id", "permission_id");
CREATE INDEX IF NOT EXISTS "v1_customuser_user_permissions_customuser_id_552a1fc1" ON "v1_customuser_user_permissions" ("customuser_id");
CREATE INDEX IF NOT EXISTS "v1_customuser_user_permissions_permission_id_20e4d19a" ON "v1_customuser_user_permissions" ("permission_id");
CREATE INDEX IF NOT EXISTS "v1_case_master_advocate_id_98cf365f" ON "v1_case_master" ("advocate_id");
CREATE INDEX IF NOT EXISTS "v1_case_master_stage_of_case_id_9e7f2ab6" ON "v1_case_master" ("stage_of_case_id");
CREATE INDEX IF NOT EXISTS "v1_case_master_case_type_id_57ad6e45" ON "v1_case_master" ("case_type_id");
CREATE INDEX IF NOT EXISTS "v1_casehistory_case_id_5027ab3c" ON "v1_casehistory" ("case_id");
CREATE INDEX IF NOT EXISTS "v1_clients_advocate_id_d8b260e3" ON "v1_clients" ("advocate_id");
CREATE INDEX IF NOT EXISTS "v1_associate_with_client_case_id_7de008c4" ON "v1_associate_with_client" ("case_id");
CREATE INDEX IF NOT EXISTS "v1_associate_with_client_client_id_66936c6c" ON "v1_associate_with_client" ("client_id");
CREATE INDEX IF NOT EXISTS "v1_courttransfer_case_id_9e796a46" ON "v1_courttransfer" ("case_id");
CREATE INDEX IF NOT EXISTS "v1_bar_district_id_1ef5cf73" ON "v1_bar" ("district_id");
CREATE INDEX IF NOT EXISTS "v1_district_state_id_157dcff4" ON "v1_district" ("state_id");
CREATE INDEX IF NOT EXISTS "v1_court_court_type_id_465696d0" ON "v1_court" ("court_type_id");
CREATE INDEX IF NOT EXISTS "v1_court_district_id_37d5870d" ON "v1_court" ("district_id");
CREATE INDEX IF NOT EXISTS "v1_court_state_id_47074aa2" ON "v1_court" ("state_id");
CREATE INDEX IF NOT EXISTS "django_admin_log_content_type_id_c4bce8eb" ON "django_admin_log" ("content_type_id");
CREATE INDEX IF NOT EXISTS "django_admin_log_user_id_c564eba6" ON "django_admin_log" ("user_id");
CREATE INDEX IF NOT EXISTS "django_session_expire_date_a5c62663" ON "django_session" ("expire_date");
CREATE TABLE IF NOT EXISTS "auth_group_permissions" ("id" integer NOT NULL PRIMARY KEY AUTOINCREMENT, "group_id" integer NOT NULL REFERENCES "auth_group" ("id") DEFERRABLE INITIALLY DEFERRED, "permission_id" integer NOT NULL REFERENCES "auth_permission" ("id") DEFERRABLE INITIALLY DEFERRED);
CREATE UNIQUE INDEX "django_content_type_app_label_model_76bd3d3b_uniq" ON "django_content_type" ("app_label", "model");
CREATE UNIQUE INDEX "auth_group_permissions_group_id_permission_id_0cd325b0_uniq" ON "auth_group_permissions" ("group_id", "permission_id");
CREATE INDEX IF NOT EXISTS "auth_group_permissions_group_id_b120cbf9" ON "auth_group_permissions" ("group_id");
CREATE INDEX IF NOT EXISTS "auth_group_permissions_permission_id_84c5c92e" ON "auth_group_permissions" ("permission_id");
CREATE UNIQUE INDEX "auth_permission_content_type_id_codename_01ab375a_uniq" ON "auth_permission" ("content_type_id", "codename");
CREATE INDEX IF NOT EXISTS "auth_permission_content_type_id_2f476e4b" ON "auth_permission" ("content_type_id");
CREATE INDEX IF NOT EXISTS "v1_customuser_user_district_id_95d0f4e5" ON "v1_customuser" ("user_district_id");
CREATE INDEX IF NOT EXISTS "v1_customuser_user_state_id_6f146892" ON "v1_customuser" ("user_state_id");
CREATE UNIQUE INDEX "v1_customuser_groups_customuser_id_group_id_8dacacb2_uniq" ON "v1_customuser_groups" ("customuser_id", "group_id");
CREATE INDEX IF NOT EXISTS "v1_customuser_groups_customuser_id_b2aad204" ON "v1_customuser_groups" ("customuser_id");
CREATE INDEX IF NOT EXISTS "v1_customuser_groups_group_id_a5d7ad54" ON "v1_customuser_groups" ("group_id");
CREATE UNIQUE INDEX "v1_customuser_user_permissions_customuser_id_permission_id_ea0f6ae4_uniq" ON "v1_customuser_user_permissions" ("customuser_id", "permission_id");
CREATE INDEX IF NOT EXISTS "v1_customuser_user_permissions_customuser_id_552a1fc1" ON "v1_customuser_user_permissions" ("customuser_id");
CREATE INDEX IF NOT EXISTS "v1_customuser_user_permissions_permission_id_20e4d19a" ON "v1_customuser_user_permissions" ("permission_id");
CREATE INDEX IF NOT EXISTS "v1_case_master_advocate_id_98cf365f" ON "v1_case_master" ("advocate_id");
CREATE INDEX IF NOT EXISTS "v1_case_master_stage_of_case_id_9e7f2ab6" ON "v1_case_master" ("stage_of_case_id");
CREATE INDEX IF NOT EXISTS "v1_case_master_case_type_id_57ad6e45" ON "v1_case_master" ("case_type_id");
CREATE INDEX IF NOT EXISTS "v1_casehistory_case_id_5027ab3c" ON "v1_casehistory" ("case_id");
CREATE INDEX IF NOT EXISTS "v1_clients_advocate_id_d8b260e3" ON "v1_clients" ("advocate_id");
CREATE INDEX IF NOT EXISTS "v1_associate_with_client_case_id_7de008c4" ON "v1_associate_with_client" ("case_id");
CREATE INDEX IF NOT EXISTS "v1_associate_with_client_client_id_66936c6c" ON "v1_associate_with_client" ("client_id");
CREATE INDEX IF NOT EXISTS "v1_courttransfer_case_id_9e796a46" ON "v1_courttransfer" ("case_id");
CREATE INDEX IF NOT EXISTS "v1_bar_district_id_1ef5cf73" ON "v1_bar" ("district_id");
CREATE INDEX IF NOT EXISTS "v1_district_state_id_157dcff4" ON "v1_district" ("state_id");
CREATE INDEX IF NOT EXISTS "v1_court_court_type_id_465696d0" ON "v1_court" ("court_type_id");
CREATE INDEX IF NOT EXISTS "v1_court_district_id_37d5870d" ON "v1_court" ("district_id");
CREATE INDEX IF NOT EXISTS "v1_court_state_id_47074aa2" ON "v1_court" ("state_id");
CREATE INDEX IF NOT EXISTS "django_admin_log_content_type_id_c4bce8eb" ON "django_admin_log" ("content_type_id");
CREATE INDEX IF NOT EXISTS "django_admin_log_user_id_c564eba6" ON "django_admin_log" ("user_id");
CREATE INDEX IF NOT EXISTS "django_session_expire_date_a5c62663" ON "django_session" ("expire_date");
CREATE TABLE IF NOT EXISTS "auth_permission" ("id" integer NOT NULL PRIMARY KEY AUTOINCREMENT, "content_type_id" integer NOT NULL REFERENCES "django_content_type" ("id") DEFERRABLE INITIALLY DEFERRED, "codename" varchar(100) NOT NULL, "name" varchar(255) NOT NULL);
INSERT INTO "auth_permission" VALUES(1,1,'add_logentry','Can add log entry');
INSERT INTO "auth_permission" VALUES(2,1,'change_logentry','Can change log entry');
INSERT INTO "auth_permission" VALUES(3,1,'delete_logentry','Can delete log entry');
INSERT INTO "auth_permission" VALUES(4,1,'view_logentry','Can view log entry');
INSERT INTO "auth_permission" VALUES(5,2,'add_permission','Can add permission');
INSERT INTO "auth_permission" VALUES(6,2,'change_permission','Can change permission');
INSERT INTO "auth_permission" VALUES(7,2,'delete_permission','Can delete permission');
INSERT INTO "auth_permission" VALUES(8,2,'view_permission','Can view permission');
INSERT INTO "auth_permission" VALUES(9,3,'add_group','Can add group');
INSERT INTO "auth_permission" VALUES(10,3,'change_group','Can change group');
INSERT INTO "auth_permission" VALUES(11,3,'delete_group','Can delete group');
INSERT INTO "auth_permission" VALUES(12,3,'view_group','Can view group');
INSERT INTO "auth_permission" VALUES(13,4,'add_contenttype','Can add content type');
INSERT INTO "auth_permission" VALUES(14,4,'change_contenttype','Can change content type');
INSERT INTO "auth_permission" VALUES(15,4,'delete_contenttype','Can delete content type');
INSERT INTO "auth_permission" VALUES(16,4,'view_contenttype','Can view content type');
INSERT INTO "auth_permission" VALUES(17,5,'add_session','Can add session');
INSERT INTO "auth_permission" VALUES(18,5,'change_session','Can change session');
INSERT INTO "auth_permission" VALUES(19,5,'delete_session','Can delete session');
INSERT INTO "auth_permission" VALUES(20,5,'view_session','Can view session');
INSERT INTO "auth_permission" VALUES(21,6,'add_case_stage','Can add case_ stage');
INSERT INTO "auth_permission" VALUES(22,6,'change_case_stage','Can change case_ stage');
INSERT INTO "auth_permission" VALUES(23,6,'delete_case_stage','Can delete case_ stage');
INSERT INTO "auth_permission" VALUES(24,6,'view_case_stage','Can view case_ stage');
INSERT INTO "auth_permission" VALUES(25,7,'add_case_type','Can add case_ type');
INSERT INTO "auth_permission" VALUES(26,7,'change_case_type','Can change case_ type');
INSERT INTO "auth_permission" VALUES(27,7,'delete_case_type','Can delete case_ type');
INSERT INTO "auth_permission" VALUES(28,7,'view_case_type','Can view case_ type');
INSERT INTO "auth_permission" VALUES(29,8,'add_court_type','Can add court_ type');
INSERT INTO "auth_permission" VALUES(30,8,'change_court_type','Can change court_ type');
INSERT INTO "auth_permission" VALUES(31,8,'delete_court_type','Can delete court_ type');
INSERT INTO "auth_permission" VALUES(32,8,'view_court_type','Can view court_ type');
INSERT INTO "auth_permission" VALUES(33,9,'add_district','Can add district');
INSERT INTO "auth_permission" VALUES(34,9,'change_district','Can change district');
INSERT INTO "auth_permission" VALUES(35,9,'delete_district','Can delete district');
INSERT INTO "auth_permission" VALUES(36,9,'view_district','Can view district');
INSERT INTO "auth_permission" VALUES(37,10,'add_state','Can add state');
INSERT INTO "auth_permission" VALUES(38,10,'change_state','Can change state');
INSERT INTO "auth_permission" VALUES(39,10,'delete_state','Can delete state');
INSERT INTO "auth_permission" VALUES(40,10,'view_state','Can view state');
INSERT INTO "auth_permission" VALUES(41,11,'add_user_id','Can add user_id');
INSERT INTO "auth_permission" VALUES(42,11,'change_user_id','Can change user_id');
INSERT INTO "auth_permission" VALUES(43,11,'delete_user_id','Can delete user_id');
INSERT INTO "auth_permission" VALUES(44,11,'view_user_id','Can view user_id');
INSERT INTO "auth_permission" VALUES(45,12,'add_customuser','Can add user');
INSERT INTO "auth_permission" VALUES(46,12,'change_customuser','Can change user');
INSERT INTO "auth_permission" VALUES(47,12,'delete_customuser','Can delete user');
INSERT INTO "auth_permission" VALUES(48,12,'view_customuser','Can view user');
INSERT INTO "auth_permission" VALUES(49,13,'add_case_master','Can add case_ master');
INSERT INTO "auth_permission" VALUES(50,13,'change_case_master','Can change case_ master');
INSERT INTO "auth_permission" VALUES(51,13,'delete_case_master','Can delete case_ master');
INSERT INTO "auth_permission" VALUES(52,13,'view_case_master','Can view case_ master');
INSERT INTO "auth_permission" VALUES(53,14,'add_casehistory','Can add case history');
INSERT INTO "auth_permission" VALUES(54,14,'change_casehistory','Can change case history');
INSERT INTO "auth_permission" VALUES(55,14,'delete_casehistory','Can delete case history');
INSERT INTO "auth_permission" VALUES(56,14,'view_casehistory','Can view case history');
INSERT INTO "auth_permission" VALUES(57,15,'add_clients','Can add clients');
INSERT INTO "auth_permission" VALUES(58,15,'change_clients','Can change clients');
INSERT INTO "auth_permission" VALUES(59,15,'delete_clients','Can delete clients');
INSERT INTO "auth_permission" VALUES(60,15,'view_clients','Can view clients');
INSERT INTO "auth_permission" VALUES(61,16,'add_associate_with_client','Can add associate_ with_ client');
INSERT INTO "auth_permission" VALUES(62,16,'change_associate_with_client','Can change associate_ with_ client');
INSERT INTO "auth_permission" VALUES(63,16,'delete_associate_with_client','Can delete associate_ with_ client');
INSERT INTO "auth_permission" VALUES(64,16,'view_associate_with_client','Can view associate_ with_ client');
INSERT INTO "auth_permission" VALUES(65,17,'add_courttransfer','Can add court transfer');
INSERT INTO "auth_permission" VALUES(66,17,'change_courttransfer','Can change court transfer');
INSERT INTO "auth_permission" VALUES(67,17,'delete_courttransfer','Can delete court transfer');
INSERT INTO "auth_permission" VALUES(68,17,'view_courttransfer','Can view court transfer');
INSERT INTO "auth_permission" VALUES(69,18,'add_bar','Can add bar');
INSERT INTO "auth_permission" VALUES(70,18,'change_bar','Can change bar');
INSERT INTO "auth_permission" VALUES(71,18,'delete_bar','Can delete bar');
INSERT INTO "auth_permission" VALUES(72,18,'view_bar','Can view bar');
INSERT INTO "auth_permission" VALUES(73,19,'add_court','Can add court');
INSERT INTO "auth_permission" VALUES(74,19,'change_court','Can change court');
INSERT INTO "auth_permission" VALUES(75,19,'delete_court','Can delete court');
INSERT INTO "auth_permission" VALUES(76,19,'view_court','Can view court');
INSERT INTO "auth_permission" VALUES(77,20,'add_user_login_details','Can add user_login_details');
INSERT INTO "auth_permission" VALUES(78,20,'change_user_login_details','Can change user_login_details');
INSERT INTO "auth_permission" VALUES(79,20,'delete_user_login_details','Can delete user_login_details');
INSERT INTO "auth_permission" VALUES(80,20,'view_user_login_details','Can view user_login_details');
CREATE UNIQUE INDEX "django_content_type_app_label_model_76bd3d3b_uniq" ON "django_content_type" ("app_label", "model");
CREATE UNIQUE INDEX "auth_group_permissions_group_id_permission_id_0cd325b0_uniq" ON "auth_group_permissions" ("group_id", "permission_id");
CREATE INDEX IF NOT EXISTS "auth_group_permissions_group_id_b120cbf9" ON "auth_group_permissions" ("group_id");
CREATE INDEX IF NOT EXISTS "auth_group_permissions_permission_id_84c5c92e" ON "auth_group_permissions" ("permission_id");
CREATE UNIQUE INDEX "auth_permission_content_type_id_codename_01ab375a_uniq" ON "auth_permission" ("content_type_id", "codename");
CREATE INDEX IF NOT EXISTS "auth_permission_content_type_id_2f476e4b" ON "auth_permission" ("content_type_id");
CREATE INDEX IF NOT EXISTS "v1_customuser_user_district_id_95d0f4e5" ON "v1_customuser" ("user_district_id");
CREATE INDEX IF NOT EXISTS "v1_customuser_user_state_id_6f146892" ON "v1_customuser" ("user_state_id");
CREATE UNIQUE INDEX "v1_customuser_groups_customuser_id_group_id_8dacacb2_uniq" ON "v1_customuser_groups" ("customuser_id", "group_id");
CREATE INDEX IF NOT EXISTS "v1_customuser_groups_customuser_id_b2aad204" ON "v1_customuser_groups" ("customuser_id");
CREATE INDEX IF NOT EXISTS "v1_customuser_groups_group_id_a5d7ad54" ON "v1_customuser_groups" ("group_id");
CREATE UNIQUE INDEX "v1_customuser_user_permissions_customuser_id_permission_id_ea0f6ae4_uniq" ON "v1_customuser_user_permissions" ("customuser_id", "permission_id");
CREATE INDEX IF NOT EXISTS "v1_customuser_user_permissions_customuser_id_552a1fc1" ON "v1_customuser_user_permissions" ("customuser_id");
CREATE INDEX IF NOT EXISTS "v1_customuser_user_permissions_permission_id_20e4d19a" ON "v1_customuser_user_permissions" ("permission_id");
CREATE INDEX IF NOT EXISTS "v1_case_master_advocate_id_98cf365f" ON "v1_case_master" ("advocate_id");
CREATE INDEX IF NOT EXISTS "v1_case_master_stage_of_case_id_9e7f2ab6" ON "v1_case_master" ("stage_of_case_id");
CREATE INDEX IF NOT EXISTS "v1_case_master_case_type_id_57ad6e45" ON "v1_case_master" ("case_type_id");
CREATE INDEX IF NOT EXISTS "v1_casehistory_case_id_5027ab3c" ON "v1_casehistory" ("case_id");
CREATE INDEX IF NOT EXISTS "v1_clients_advocate_id_d8b260e3" ON "v1_clients" ("advocate_id");
CREATE INDEX IF NOT EXISTS "v1_associate_with_client_case_id_7de008c4" ON "v1_associate_with_client" ("case_id");
CREATE INDEX IF NOT EXISTS "v1_associate_with_client_client_id_66936c6c" ON "v1_associate_with_client" ("client_id");
CREATE INDEX IF NOT EXISTS "v1_courttransfer_case_id_9e796a46" ON "v1_courttransfer" ("case_id");
CREATE INDEX IF NOT EXISTS "v1_bar_district_id_1ef5cf73" ON "v1_bar" ("district_id");
CREATE INDEX IF NOT EXISTS "v1_district_state_id_157dcff4" ON "v1_district" ("state_id");
CREATE INDEX IF NOT EXISTS "v1_court_court_type_id_465696d0" ON "v1_court" ("court_type_id");
CREATE INDEX IF NOT EXISTS "v1_court_district_id_37d5870d" ON "v1_court" ("district_id");
CREATE INDEX IF NOT EXISTS "v1_court_state_id_47074aa2" ON "v1_court" ("state_id");
CREATE INDEX IF NOT EXISTS "django_admin_log_content_type_id_c4bce8eb" ON "django_admin_log" ("content_type_id");
CREATE INDEX IF NOT EXISTS "django_admin_log_user_id_c564eba6" ON "django_admin_log" ("user_id");
CREATE INDEX IF NOT EXISTS "django_session_expire_date_a5c62663" ON "django_session" ("expire_date");
CREATE TABLE IF NOT EXISTS "django_admin_log" ("id" integer NOT NULL PRIMARY KEY AUTOINCREMENT, "object_id" text NULL, "object_repr" varchar(200) NOT NULL, "action_flag" smallint unsigned NOT NULL CHECK ("action_flag" >= 0), "change_message" text NOT NULL, "content_type_id" integer NULL REFERENCES "django_content_type" ("id") DEFERRABLE INITIALLY DEFERRED, "user_id" bigint NOT NULL REFERENCES "v1_customuser" ("id") DEFERRABLE INITIALLY DEFERRED, "action_time" datetime NOT NULL);
CREATE UNIQUE INDEX "django_content_type_app_label_model_76bd3d3b_uniq" ON "django_content_type" ("app_label", "model");
CREATE UNIQUE INDEX "auth_group_permissions_group_id_permission_id_0cd325b0_uniq" ON "auth_group_permissions" ("group_id", "permission_id");
CREATE INDEX IF NOT EXISTS "auth_group_permissions_group_id_b120cbf9" ON "auth_group_permissions" ("group_id");
CREATE INDEX IF NOT EXISTS "auth_group_permissions_permission_id_84c5c92e" ON "auth_group_permissions" ("permission_id");
CREATE UNIQUE INDEX "auth_permission_content_type_id_codename_01ab375a_uniq" ON "auth_permission" ("content_type_id", "codename");
CREATE INDEX IF NOT EXISTS "auth_permission_content_type_id_2f476e4b" ON "auth_permission" ("content_type_id");
CREATE INDEX IF NOT EXISTS "v1_customuser_user_district_id_95d0f4e5" ON "v1_customuser" ("user_district_id");
CREATE INDEX IF NOT EXISTS "v1_customuser_user_state_id_6f146892" ON "v1_customuser" ("user_state_id");
CREATE UNIQUE INDEX "v1_customuser_groups_customuser_id_group_id_8dacacb2_uniq" ON "v1_customuser_groups" ("customuser_id", "group_id");
CREATE INDEX IF NOT EXISTS "v1_customuser_groups_customuser_id_b2aad204" ON "v1_customuser_groups" ("customuser_id");
CREATE INDEX IF NOT EXISTS "v1_customuser_groups_group_id_a5d7ad54" ON "v1_customuser_groups" ("group_id");
CREATE UNIQUE INDEX "v1_customuser_user_permissions_customuser_id_permission_id_ea0f6ae4_uniq" ON "v1_customuser_user_permissions" ("customuser_id", "permission_id");
CREATE INDEX IF NOT EXISTS "v1_customuser_user_permissions_customuser_id_552a1fc1" ON "v1_customuser_user_permissions" ("customuser_id");
CREATE INDEX IF NOT EXISTS "v1_customuser_user_permissions_permission_id_20e4d19a" ON "v1_customuser_user_permissions" ("permission_id");
CREATE INDEX IF NOT EXISTS "v1_case_master_advocate_id_98cf365f" ON "v1_case_master" ("advocate_id");
CREATE INDEX IF NOT EXISTS "v1_case_master_stage_of_case_id_9e7f2ab6" ON "v1_case_master" ("stage_of_case_id");
CREATE INDEX IF NOT EXISTS "v1_case_master_case_type_id_57ad6e45" ON "v1_case_master" ("case_type_id");
CREATE INDEX IF NOT EXISTS "v1_casehistory_case_id_5027ab3c" ON "v1_casehistory" ("case_id");
CREATE INDEX IF NOT EXISTS "v1_clients_advocate_id_d8b260e3" ON "v1_clients" ("advocate_id");
CREATE INDEX IF NOT EXISTS "v1_associate_with_client_case_id_7de008c4" ON "v1_associate_with_client" ("case_id");
CREATE INDEX IF NOT EXISTS "v1_associate_with_client_client_id_66936c6c" ON "v1_associate_with_client" ("client_id");
CREATE INDEX IF NOT EXISTS "v1_courttransfer_case_id_9e796a46" ON "v1_courttransfer" ("case_id");
CREATE INDEX IF NOT EXISTS "v1_bar_district_id_1ef5cf73" ON "v1_bar" ("district_id");
CREATE INDEX IF NOT EXISTS "v1_district_state_id_157dcff4" ON "v1_district" ("state_id");
CREATE INDEX IF NOT EXISTS "v1_court_court_type_id_465696d0" ON "v1_court" ("court_type_id");
CREATE INDEX IF NOT EXISTS "v1_court_district_id_37d5870d" ON "v1_court" ("district_id");
CREATE INDEX IF NOT EXISTS "v1_court_state_id_47074aa2" ON "v1_court" ("state_id");
CREATE INDEX IF NOT EXISTS "django_admin_log_content_type_id_c4bce8eb" ON "django_admin_log" ("content_type_id");
CREATE INDEX IF NOT EXISTS "django_admin_log_user_id_c564eba6" ON "django_admin_log" ("user_id");
CREATE INDEX IF NOT EXISTS "django_session_expire_date_a5c62663" ON "django_session" ("expire_date");
CREATE TABLE IF NOT EXISTS "django_content_type" ("id" integer NOT NULL PRIMARY KEY AUTOINCREMENT, "app_label" varchar(100) NOT NULL, "model" varchar(100) NOT NULL);
INSERT INTO "django_content_type" VALUES(1,'admin','logentry');
INSERT INTO "django_content_type" VALUES(2,'auth','permission');
INSERT INTO "django_content_type" VALUES(3,'auth','group');
INSERT INTO "django_content_type" VALUES(4,'contenttypes','contenttype');
INSERT INTO "django_content_type" VALUES(5,'sessions','session');
INSERT INTO "django_content_type" VALUES(6,'v1','case_stage');
INSERT INTO "django_content_type" VALUES(7,'v1','case_type');
INSERT INTO "django_content_type" VALUES(8,'v1','court_type');
INSERT INTO "django_content_type" VALUES(9,'v1','district');
INSERT INTO "django_content_type" VALUES(10,'v1','state');
INSERT INTO "django_content_type" VALUES(11,'v1','user_id');
INSERT INTO "django_content_type" VALUES(12,'v1','customuser');
INSERT INTO "django_content_type" VALUES(13,'v1','case_master');
INSERT INTO "django_content_type" VALUES(14,'v1','casehistory');
INSERT INTO "django_content_type" VALUES(15,'v1','clients');
INSERT INTO "django_content_type" VALUES(16,'v1','associate_with_client');
INSERT INTO "django_content_type" VALUES(17,'v1','courttransfer');
INSERT INTO "django_content_type" VALUES(18,'v1','bar');
INSERT INTO "django_content_type" VALUES(19,'v1','court');
INSERT INTO "django_content_type" VALUES(20,'v1','user_login_details');
CREATE UNIQUE INDEX "django_content_type_app_label_model_76bd3d3b_uniq" ON "django_content_type" ("app_label", "model");
CREATE UNIQUE INDEX "auth_group_permissions_group_id_permission_id_0cd325b0_uniq" ON "auth_group_permissions" ("group_id", "permission_id");
CREATE INDEX IF NOT EXISTS "auth_group_permissions_group_id_b120cbf9" ON "auth_group_permissions" ("group_id");
CREATE INDEX IF NOT EXISTS "auth_group_permissions_permission_id_84c5c92e" ON "auth_group_permissions" ("permission_id");
CREATE UNIQUE INDEX "auth_permission_content_type_id_codename_01ab375a_uniq" ON "auth_permission" ("content_type_id", "codename");
CREATE INDEX IF NOT EXISTS "auth_permission_content_type_id_2f476e4b" ON "auth_permission" ("content_type_id");
CREATE INDEX IF NOT EXISTS "v1_customuser_user_district_id_95d0f4e5" ON "v1_customuser" ("user_district_id");
CREATE INDEX IF NOT EXISTS "v1_customuser_user_state_id_6f146892" ON "v1_customuser" ("user_state_id");
CREATE UNIQUE INDEX "v1_customuser_groups_customuser_id_group_id_8dacacb2_uniq" ON "v1_customuser_groups" ("customuser_id", "group_id");
CREATE INDEX IF NOT EXISTS "v1_customuser_groups_customuser_id_b2aad204" ON "v1_customuser_groups" ("customuser_id");
CREATE INDEX IF NOT EXISTS "v1_customuser_groups_group_id_a5d7ad54" ON "v1_customuser_groups" ("group_id");
CREATE UNIQUE INDEX "v1_customuser_user_permissions_customuser_id_permission_id_ea0f6ae4_uniq" ON "v1_customuser_user_permissions" ("customuser_id", "permission_id");
CREATE INDEX IF NOT EXISTS "v1_customuser_user_permissions_customuser_id_552a1fc1" ON "v1_customuser_user_permissions" ("customuser_id");
CREATE INDEX IF NOT EXISTS "v1_customuser_user_permissions_permission_id_20e4d19a" ON "v1_customuser_user_permissions" ("permission_id");
CREATE INDEX IF NOT EXISTS "v1_case_master_advocate_id_98cf365f" ON "v1_case_master" ("advocate_id");
CREATE INDEX IF NOT EXISTS "v1_case_master_stage_of_case_id_9e7f2ab6" ON "v1_case_master" ("stage_of_case_id");
CREATE INDEX IF NOT EXISTS "v1_case_master_case_type_id_57ad6e45" ON "v1_case_master" ("case_type_id");
CREATE INDEX IF NOT EXISTS "v1_casehistory_case_id_5027ab3c" ON "v1_casehistory" ("case_id");
CREATE INDEX IF NOT EXISTS "v1_clients_advocate_id_d8b260e3" ON "v1_clients" ("advocate_id");
CREATE INDEX IF NOT EXISTS "v1_associate_with_client_case_id_7de008c4" ON "v1_associate_with_client" ("case_id");
CREATE INDEX IF NOT EXISTS "v1_associate_with_client_client_id_66936c6c" ON "v1_associate_with_client" ("client_id");
CREATE INDEX IF NOT EXISTS "v1_courttransfer_case_id_9e796a46" ON "v1_courttransfer" ("case_id");
CREATE INDEX IF NOT EXISTS "v1_bar_district_id_1ef5cf73" ON "v1_bar" ("district_id");
CREATE INDEX IF NOT EXISTS "v1_district_state_id_157dcff4" ON "v1_district" ("state_id");
CREATE INDEX IF NOT EXISTS "v1_court_court_type_id_465696d0" ON "v1_court" ("court_type_id");
CREATE INDEX IF NOT EXISTS "v1_court_district_id_37d5870d" ON "v1_court" ("district_id");
CREATE INDEX IF NOT EXISTS "v1_court_state_id_47074aa2" ON "v1_court" ("state_id");
CREATE INDEX IF NOT EXISTS "django_admin_log_content_type_id_c4bce8eb" ON "django_admin_log" ("content_type_id");
CREATE INDEX IF NOT EXISTS "django_admin_log_user_id_c564eba6" ON "django_admin_log" ("user_id");
CREATE INDEX IF NOT EXISTS "django_session_expire_date_a5c62663" ON "django_session" ("expire_date");
CREATE TABLE IF NOT EXISTS "django_migrations" ("id" integer NOT NULL PRIMARY KEY AUTOINCREMENT, "app" varchar(255) NOT NULL, "name" varchar(255) NOT NULL, "applied" datetime NOT NULL);
INSERT INTO "django_migrations" VALUES(1,'contenttypes','0001_initial','2025-02-16 05:51:03.811611');
INSERT INTO "django_migrations" VALUES(2,'contenttypes','0002_remove_content_type_name','2025-02-16 05:51:03.826904');
INSERT INTO "django_migrations" VALUES(3,'auth','0001_initial','2025-02-16 05:51:03.849829');
INSERT INTO "django_migrations" VALUES(4,'auth','0002_alter_permission_name_max_length','2025-02-16 05:51:03.868987');
INSERT INTO "django_migrations" VALUES(5,'auth','0003_alter_user_email_max_length','2025-02-16 05:51:03.879354');
INSERT INTO "django_migrations" VALUES(6,'auth','0004_alter_user_username_opts','2025-02-16 05:51:03.891334');
INSERT INTO "django_migrations" VALUES(7,'auth','0005_alter_user_last_login_null','2025-02-16 05:51:03.901767');
INSERT INTO "django_migrations" VALUES(8,'auth','0006_require_contenttypes_0002','2025-02-16 05:51:03.910806');
INSERT INTO "django_migrations" VALUES(9,'auth','0007_alter_validators_add_error_messages','2025-02-16 05:51:03.925738');
INSERT INTO "django_migrations" VALUES(10,'auth','0008_alter_user_username_max_length','2025-02-16 05:51:03.943573');
INSERT INTO "django_migrations" VALUES(11,'auth','0009_alter_user_last_name_max_length','2025-02-16 05:51:03.961084');
INSERT INTO "django_migrations" VALUES(12,'auth','0010_alter_group_name_max_length','2025-02-16 05:51:03.980460');
INSERT INTO "django_migrations" VALUES(13,'auth','0011_update_proxy_permissions','2025-02-16 05:51:03.995492');
INSERT INTO "django_migrations" VALUES(14,'auth','0012_alter_user_first_name_max_length','2025-02-16 05:51:04.004883');
INSERT INTO "django_migrations" VALUES(15,'v1','0001_initial','2025-02-16 05:51:04.280977');
INSERT INTO "django_migrations" VALUES(16,'admin','0001_initial','2025-02-16 05:51:04.331158');
INSERT INTO "django_migrations" VALUES(17,'admin','0002_logentry_remove_auto_add','2025-02-16 05:51:04.360797');
INSERT INTO "django_migrations" VALUES(18,'admin','0003_logentry_add_action_flag_choices','2025-02-16 05:51:04.388170');
INSERT INTO "django_migrations" VALUES(19,'sessions','0001_initial','2025-02-16 05:51:04.402837');
CREATE UNIQUE INDEX "django_content_type_app_label_model_76bd3d3b_uniq" ON "django_content_type" ("app_label", "model");
CREATE UNIQUE INDEX "auth_group_permissions_group_id_permission_id_0cd325b0_uniq" ON "auth_group_permissions" ("group_id", "permission_id");
CREATE INDEX IF NOT EXISTS "auth_group_permissions_group_id_b120cbf9" ON "auth_group_permissions" ("group_id");
CREATE INDEX IF NOT EXISTS "auth_group_permissions_permission_id_84c5c92e" ON "auth_group_permissions" ("permission_id");
CREATE UNIQUE INDEX "auth_permission_content_type_id_codename_01ab375a_uniq" ON "auth_permission" ("content_type_id", "codename");
CREATE INDEX IF NOT EXISTS "auth_permission_content_type_id_2f476e4b" ON "auth_permission" ("content_type_id");
CREATE INDEX IF NOT EXISTS "v1_customuser_user_district_id_95d0f4e5" ON "v1_customuser" ("user_district_id");
CREATE INDEX IF NOT EXISTS "v1_customuser_user_state_id_6f146892" ON "v1_customuser" ("user_state_id");
CREATE UNIQUE INDEX "v1_customuser_groups_customuser_id_group_id_8dacacb2_uniq" ON "v1_customuser_groups" ("customuser_id", "group_id");
CREATE INDEX IF NOT EXISTS "v1_customuser_groups_customuser_id_b2aad204" ON "v1_customuser_groups" ("customuser_id");
CREATE INDEX IF NOT EXISTS "v1_customuser_groups_group_id_a5d7ad54" ON "v1_customuser_groups" ("group_id");
CREATE UNIQUE INDEX "v1_customuser_user_permissions_customuser_id_permission_id_ea0f6ae4_uniq" ON "v1_customuser_user_permissions" ("customuser_id", "permission_id");
CREATE INDEX IF NOT EXISTS "v1_customuser_user_permissions_customuser_id_552a1fc1" ON "v1_customuser_user_permissions" ("customuser_id");
CREATE INDEX IF NOT EXISTS "v1_customuser_user_permissions_permission_id_20e4d19a" ON "v1_customuser_user_permissions" ("permission_id");
CREATE INDEX IF NOT EXISTS "v1_case_master_advocate_id_98cf365f" ON "v1_case_master" ("advocate_id");
CREATE INDEX IF NOT EXISTS "v1_case_master_stage_of_case_id_9e7f2ab6" ON "v1_case_master" ("stage_of_case_id");
CREATE INDEX IF NOT EXISTS "v1_case_master_case_type_id_57ad6e45" ON "v1_case_master" ("case_type_id");
CREATE INDEX IF NOT EXISTS "v1_casehistory_case_id_5027ab3c" ON "v1_casehistory" ("case_id");
CREATE INDEX IF NOT EXISTS "v1_clients_advocate_id_d8b260e3" ON "v1_clients" ("advocate_id");
CREATE INDEX IF NOT EXISTS "v1_associate_with_client_case_id_7de008c4" ON "v1_associate_with_client" ("case_id");
CREATE INDEX IF NOT EXISTS "v1_associate_with_client_client_id_66936c6c" ON "v1_associate_with_client" ("client_id");
CREATE INDEX IF NOT EXISTS "v1_courttransfer_case_id_9e796a46" ON "v1_courttransfer" ("case_id");
CREATE INDEX IF NOT EXISTS "v1_bar_district_id_1ef5cf73" ON "v1_bar" ("district_id");
CREATE INDEX IF NOT EXISTS "v1_district_state_id_157dcff4" ON "v1_district" ("state_id");
CREATE INDEX IF NOT EXISTS "v1_court_court_type_id_465696d0" ON "v1_court" ("court_type_id");
CREATE INDEX IF NOT EXISTS "v1_court_district_id_37d5870d" ON "v1_court" ("district_id");
CREATE INDEX IF NOT EXISTS "v1_court_state_id_47074aa2" ON "v1_court" ("state_id");
CREATE INDEX IF NOT EXISTS "django_admin_log_content_type_id_c4bce8eb" ON "django_admin_log" ("content_type_id");
CREATE INDEX IF NOT EXISTS "django_admin_log_user_id_c564eba6" ON "django_admin_log" ("user_id");
CREATE INDEX IF NOT EXISTS "django_session_expire_date_a5c62663" ON "django_session" ("expire_date");
CREATE TABLE IF NOT EXISTS "django_session" ("session_key" varchar(40) NOT NULL PRIMARY KEY, "session_data" text NOT NULL, "expire_date" datetime NOT NULL);
INSERT INTO "django_session" VALUES('mzaqozpvyzbr3ksqo42nwgwm1dis50v7','.eJxVjMEOwiAQRP-FsyHQstB69N5vIAu7laqBpLQn479Lkx70NMm8N_MWHvct-b3y6hcSV6HF5bcLGJ-cD0APzPciY8nbugR5KPKkVU6F-HU73b-DhDW1dW8sDIxaRT1q6nh2mmYMPLBzYIKNxnXA7BB6glEhEVgLtiUpaK74fAHpozg3:1tkjcr:pBQb_b3FMXXFTrdengV39TAEa5SqgHfpbVb3zSZgX3o','2025-03-05 12:56:29.684534');
CREATE UNIQUE INDEX "django_content_type_app_label_model_76bd3d3b_uniq" ON "django_content_type" ("app_label", "model");
CREATE UNIQUE INDEX "auth_group_permissions_group_id_permission_id_0cd325b0_uniq" ON "auth_group_permissions" ("group_id", "permission_id");
CREATE INDEX IF NOT EXISTS "auth_group_permissions_group_id_b120cbf9" ON "auth_group_permissions" ("group_id");
CREATE INDEX IF NOT EXISTS "auth_group_permissions_permission_id_84c5c92e" ON "auth_group_permissions" ("permission_id");
CREATE UNIQUE INDEX "auth_permission_content_type_id_codename_01ab375a_uniq" ON "auth_permission" ("content_type_id", "codename");
CREATE INDEX IF NOT EXISTS "auth_permission_content_type_id_2f476e4b" ON "auth_permission" ("content_type_id");
CREATE INDEX IF NOT EXISTS "v1_customuser_user_district_id_95d0f4e5" ON "v1_customuser" ("user_district_id");
CREATE INDEX IF NOT EXISTS "v1_customuser_user_state_id_6f146892" ON "v1_customuser" ("user_state_id");
CREATE UNIQUE INDEX "v1_customuser_groups_customuser_id_group_id_8dacacb2_uniq" ON "v1_customuser_groups" ("customuser_id", "group_id");
CREATE INDEX IF NOT EXISTS "v1_customuser_groups_customuser_id_b2aad204" ON "v1_customuser_groups" ("customuser_id");
CREATE INDEX IF NOT EXISTS "v1_customuser_groups_group_id_a5d7ad54" ON "v1_customuser_groups" ("group_id");
CREATE UNIQUE INDEX "v1_customuser_user_permissions_customuser_id_permission_id_ea0f6ae4_uniq" ON "v1_customuser_user_permissions" ("customuser_id", "permission_id");
CREATE INDEX IF NOT EXISTS "v1_customuser_user_permissions_customuser_id_552a1fc1" ON "v1_customuser_user_permissions" ("customuser_id");
CREATE INDEX IF NOT EXISTS "v1_customuser_user_permissions_permission_id_20e4d19a" ON "v1_customuser_user_permissions" ("permission_id");
CREATE INDEX IF NOT EXISTS "v1_case_master_advocate_id_98cf365f" ON "v1_case_master" ("advocate_id");
CREATE INDEX IF NOT EXISTS "v1_case_master_stage_of_case_id_9e7f2ab6" ON "v1_case_master" ("stage_of_case_id");
CREATE INDEX IF NOT EXISTS "v1_case_master_case_type_id_57ad6e45" ON "v1_case_master" ("case_type_id");
CREATE INDEX IF NOT EXISTS "v1_casehistory_case_id_5027ab3c" ON "v1_casehistory" ("case_id");
CREATE INDEX IF NOT EXISTS "v1_clients_advocate_id_d8b260e3" ON "v1_clients" ("advocate_id");
CREATE INDEX IF NOT EXISTS "v1_associate_with_client_case_id_7de008c4" ON "v1_associate_with_client" ("case_id");
CREATE INDEX IF NOT EXISTS "v1_associate_with_client_client_id_66936c6c" ON "v1_associate_with_client" ("client_id");
CREATE INDEX IF NOT EXISTS "v1_courttransfer_case_id_9e796a46" ON "v1_courttransfer" ("case_id");
CREATE INDEX IF NOT EXISTS "v1_bar_district_id_1ef5cf73" ON "v1_bar" ("district_id");
CREATE INDEX IF NOT EXISTS "v1_district_state_id_157dcff4" ON "v1_district" ("state_id");
CREATE INDEX IF NOT EXISTS "v1_court_court_type_id_465696d0" ON "v1_court" ("court_type_id");
CREATE INDEX IF NOT EXISTS "v1_court_district_id_37d5870d" ON "v1_court" ("district_id");
CREATE INDEX IF NOT EXISTS "v1_court_state_id_47074aa2" ON "v1_court" ("state_id");
CREATE INDEX IF NOT EXISTS "django_admin_log_content_type_id_c4bce8eb" ON "django_admin_log" ("content_type_id");
CREATE INDEX IF NOT EXISTS "django_admin_log_user_id_c564eba6" ON "django_admin_log" ("user_id");
CREATE INDEX IF NOT EXISTS "django_session_expire_date_a5c62663" ON "django_session" ("expire_date");
CREATE TABLE IF NOT EXISTS "v1_associate_with_client" ("id" integer NOT NULL PRIMARY KEY AUTOINCREMENT, "uid" char(32) NOT NULL UNIQUE, "created_at" datetime NOT NULL, "updated_at" datetime NOT NULL, "is_deleted" bool NOT NULL, "case_id" bigint NOT NULL REFERENCES "v1_case_master" ("id") DEFERRABLE INITIALLY DEFERRED, "client_id" bigint NOT NULL REFERENCES "v1_clients" ("id") DEFERRABLE INITIALLY DEFERRED);
CREATE UNIQUE INDEX "django_content_type_app_label_model_76bd3d3b_uniq" ON "django_content_type" ("app_label", "model");
CREATE UNIQUE INDEX "auth_group_permissions_group_id_permission_id_0cd325b0_uniq" ON "auth_group_permissions" ("group_id", "permission_id");
CREATE INDEX IF NOT EXISTS "auth_group_permissions_group_id_b120cbf9" ON "auth_group_permissions" ("group_id");
CREATE INDEX IF NOT EXISTS "auth_group_permissions_permission_id_84c5c92e" ON "auth_group_permissions" ("permission_id");
CREATE UNIQUE INDEX "auth_permission_content_type_id_codename_01ab375a_uniq" ON "auth_permission" ("content_type_id", "codename");
CREATE INDEX IF NOT EXISTS "auth_permission_content_type_id_2f476e4b" ON "auth_permission" ("content_type_id");
CREATE INDEX IF NOT EXISTS "v1_customuser_user_district_id_95d0f4e5" ON "v1_customuser" ("user_district_id");
CREATE INDEX IF NOT EXISTS "v1_customuser_user_state_id_6f146892" ON "v1_customuser" ("user_state_id");
CREATE UNIQUE INDEX "v1_customuser_groups_customuser_id_group_id_8dacacb2_uniq" ON "v1_customuser_groups" ("customuser_id", "group_id");
CREATE INDEX IF NOT EXISTS "v1_customuser_groups_customuser_id_b2aad204" ON "v1_customuser_groups" ("customuser_id");
CREATE INDEX IF NOT EXISTS "v1_customuser_groups_group_id_a5d7ad54" ON "v1_customuser_groups" ("group_id");
CREATE UNIQUE INDEX "v1_customuser_user_permissions_customuser_id_permission_id_ea0f6ae4_uniq" ON "v1_customuser_user_permissions" ("customuser_id", "permission_id");
CREATE INDEX IF NOT EXISTS "v1_customuser_user_permissions_customuser_id_552a1fc1" ON "v1_customuser_user_permissions" ("customuser_id");
CREATE INDEX IF NOT EXISTS "v1_customuser_user_permissions_permission_id_20e4d19a" ON "v1_customuser_user_permissions" ("permission_id");
CREATE INDEX IF NOT EXISTS "v1_case_master_advocate_id_98cf365f" ON "v1_case_master" ("advocate_id");
CREATE INDEX IF NOT EXISTS "v1_case_master_stage_of_case_id_9e7f2ab6" ON "v1_case_master" ("stage_of_case_id");
CREATE INDEX IF NOT EXISTS "v1_case_master_case_type_id_57ad6e45" ON "v1_case_master" ("case_type_id");
CREATE INDEX IF NOT EXISTS "v1_casehistory_case_id_5027ab3c" ON "v1_casehistory" ("case_id");
CREATE INDEX IF NOT EXISTS "v1_clients_advocate_id_d8b260e3" ON "v1_clients" ("advocate_id");
CREATE INDEX IF NOT EXISTS "v1_associate_with_client_case_id_7de008c4" ON "v1_associate_with_client" ("case_id");
CREATE INDEX IF NOT EXISTS "v1_associate_with_client_client_id_66936c6c" ON "v1_associate_with_client" ("client_id");
CREATE INDEX IF NOT EXISTS "v1_courttransfer_case_id_9e796a46" ON "v1_courttransfer" ("case_id");
CREATE INDEX IF NOT EXISTS "v1_bar_district_id_1ef5cf73" ON "v1_bar" ("district_id");
CREATE INDEX IF NOT EXISTS "v1_district_state_id_157dcff4" ON "v1_district" ("state_id");
CREATE INDEX IF NOT EXISTS "v1_court_court_type_id_465696d0" ON "v1_court" ("court_type_id");
CREATE INDEX IF NOT EXISTS "v1_court_district_id_37d5870d" ON "v1_court" ("district_id");
CREATE INDEX IF NOT EXISTS "v1_court_state_id_47074aa2" ON "v1_court" ("state_id");
CREATE INDEX IF NOT EXISTS "django_admin_log_content_type_id_c4bce8eb" ON "django_admin_log" ("content_type_id");
CREATE INDEX IF NOT EXISTS "django_admin_log_user_id_c564eba6" ON "django_admin_log" ("user_id");
CREATE INDEX IF NOT EXISTS "django_session_expire_date_a5c62663" ON "django_session" ("expire_date");
CREATE TABLE IF NOT EXISTS "v1_bar" ("id" integer NOT NULL PRIMARY KEY AUTOINCREMENT, "bar" varchar(100) NULL, "district_id" bigint NOT NULL REFERENCES "v1_district" ("id") DEFERRABLE INITIALLY DEFERRED);
CREATE UNIQUE INDEX "django_content_type_app_label_model_76bd3d3b_uniq" ON "django_content_type" ("app_label", "model");
CREATE UNIQUE INDEX "auth_group_permissions_group_id_permission_id_0cd325b0_uniq" ON "auth_group_permissions" ("group_id", "permission_id");
CREATE INDEX IF NOT EXISTS "auth_group_permissions_group_id_b120cbf9" ON "auth_group_permissions" ("group_id");
CREATE INDEX IF NOT EXISTS "auth_group_permissions_permission_id_84c5c92e" ON "auth_group_permissions" ("permission_id");
CREATE UNIQUE INDEX "auth_permission_content_type_id_codename_01ab375a_uniq" ON "auth_permission" ("content_type_id", "codename");
CREATE INDEX IF NOT EXISTS "auth_permission_content_type_id_2f476e4b" ON "auth_permission" ("content_type_id");
CREATE INDEX IF NOT EXISTS "v1_customuser_user_district_id_95d0f4e5" ON "v1_customuser" ("user_district_id");
CREATE INDEX IF NOT EXISTS "v1_customuser_user_state_id_6f146892" ON "v1_customuser" ("user_state_id");
CREATE UNIQUE INDEX "v1_customuser_groups_customuser_id_group_id_8dacacb2_uniq" ON "v1_customuser_groups" ("customuser_id", "group_id");
CREATE INDEX IF NOT EXISTS "v1_customuser_groups_customuser_id_b2aad204" ON "v1_customuser_groups" ("customuser_id");
CREATE INDEX IF NOT EXISTS "v1_customuser_groups_group_id_a5d7ad54" ON "v1_customuser_groups" ("group_id");
CREATE UNIQUE INDEX "v1_customuser_user_permissions_customuser_id_permission_id_ea0f6ae4_uniq" ON "v1_customuser_user_permissions" ("customuser_id", "permission_id");
CREATE INDEX IF NOT EXISTS "v1_customuser_user_permissions_customuser_id_552a1fc1" ON "v1_customuser_user_permissions" ("customuser_id");
CREATE INDEX IF NOT EXISTS "v1_customuser_user_permissions_permission_id_20e4d19a" ON "v1_customuser_user_permissions" ("permission_id");
CREATE INDEX IF NOT EXISTS "v1_case_master_advocate_id_98cf365f" ON "v1_case_master" ("advocate_id");
CREATE INDEX IF NOT EXISTS "v1_case_master_stage_of_case_id_9e7f2ab6" ON "v1_case_master" ("stage_of_case_id");
CREATE INDEX IF NOT EXISTS "v1_case_master_case_type_id_57ad6e45" ON "v1_case_master" ("case_type_id");
CREATE INDEX IF NOT EXISTS "v1_casehistory_case_id_5027ab3c" ON "v1_casehistory" ("case_id");
CREATE INDEX IF NOT EXISTS "v1_clients_advocate_id_d8b260e3" ON "v1_clients" ("advocate_id");
CREATE INDEX IF NOT EXISTS "v1_associate_with_client_case_id_7de008c4" ON "v1_associate_with_client" ("case_id");
CREATE INDEX IF NOT EXISTS "v1_associate_with_client_client_id_66936c6c" ON "v1_associate_with_client" ("client_id");
CREATE INDEX IF NOT EXISTS "v1_courttransfer_case_id_9e796a46" ON "v1_courttransfer" ("case_id");
CREATE INDEX IF NOT EXISTS "v1_bar_district_id_1ef5cf73" ON "v1_bar" ("district_id");
CREATE INDEX IF NOT EXISTS "v1_district_state_id_157dcff4" ON "v1_district" ("state_id");
CREATE INDEX IF NOT EXISTS "v1_court_court_type_id_465696d0" ON "v1_court" ("court_type_id");
CREATE INDEX IF NOT EXISTS "v1_court_district_id_37d5870d" ON "v1_court" ("district_id");
CREATE INDEX IF NOT EXISTS "v1_court_state_id_47074aa2" ON "v1_court" ("state_id");
CREATE INDEX IF NOT EXISTS "django_admin_log_content_type_id_c4bce8eb" ON "django_admin_log" ("content_type_id");
CREATE INDEX IF NOT EXISTS "django_admin_log_user_id_c564eba6" ON "django_admin_log" ("user_id");
CREATE INDEX IF NOT EXISTS "django_session_expire_date_a5c62663" ON "django_session" ("expire_date");
CREATE TABLE IF NOT EXISTS "v1_case_master" ("id" integer NOT NULL PRIMARY KEY AUTOINCREMENT, "uid" char(32) NOT NULL UNIQUE, "created_at" datetime NOT NULL, "updated_at" datetime NOT NULL, "is_deleted" bool NOT NULL, "crn" varchar(50) NULL, "case_no" varchar(50) NULL, "case_year" varchar(4) NULL, "state" varchar(50) NULL, "district" varchar(50) NULL, "court_type" varchar(50) NULL, "court_name" varchar(50) NULL, "court_no" varchar(50) NULL, "under_section" varchar(50) NULL, "petitioner" varchar(50) NULL, "respondent" varchar(50) NULL, "client_type" varchar(50) NULL, "fir_number" varchar(50) NULL, "fir_year" varchar(4) NULL, "police_station" varchar(50) NULL, "first_date" date NULL, "last_date" date NULL, "next_date" date NULL, "sub_advocate" varchar(100) NULL, "comments" text NULL, "document" varchar(100) NULL, "is_desided" bool NOT NULL, "is_active" bool NOT NULL, "advocate_id" bigint NOT NULL REFERENCES "v1_customuser" ("id") DEFERRABLE INITIALLY DEFERRED, "stage_of_case_id" bigint NULL REFERENCES "v1_case_stage" ("id") DEFERRABLE INITIALLY DEFERRED, "case_type_id" bigint NULL REFERENCES "v1_case_type" ("id") DEFERRABLE INITIALLY DEFERRED);
CREATE UNIQUE INDEX "django_content_type_app_label_model_76bd3d3b_uniq" ON "django_content_type" ("app_label", "model");
CREATE UNIQUE INDEX "auth_group_permissions_group_id_permission_id_0cd325b0_uniq" ON "auth_group_permissions" ("group_id", "permission_id");
CREATE INDEX IF NOT EXISTS "auth_group_permissions_group_id_b120cbf9" ON "auth_group_permissions" ("group_id");
CREATE INDEX IF NOT EXISTS "auth_group_permissions_permission_id_84c5c92e" ON "auth_group_permissions" ("permission_id");
CREATE UNIQUE INDEX "auth_permission_content_type_id_codename_01ab375a_uniq" ON "auth_permission" ("content_type_id", "codename");
CREATE INDEX IF NOT EXISTS "auth_permission_content_type_id_2f476e4b" ON "auth_permission" ("content_type_id");
CREATE INDEX IF NOT EXISTS "v1_customuser_user_district_id_95d0f4e5" ON "v1_customuser" ("user_district_id");
CREATE INDEX IF NOT EXISTS "v1_customuser_user_state_id_6f146892" ON "v1_customuser" ("user_state_id");
CREATE UNIQUE INDEX "v1_customuser_groups_customuser_id_group_id_8dacacb2_uniq" ON "v1_customuser_groups" ("customuser_id", "group_id");
CREATE INDEX IF NOT EXISTS "v1_customuser_groups_customuser_id_b2aad204" ON "v1_customuser_groups" ("customuser_id");
CREATE INDEX IF NOT EXISTS "v1_customuser_groups_group_id_a5d7ad54" ON "v1_customuser_groups" ("group_id");
CREATE UNIQUE INDEX "v1_customuser_user_permissions_customuser_id_permission_id_ea0f6ae4_uniq" ON "v1_customuser_user_permissions" ("customuser_id", "permission_id");
CREATE INDEX IF NOT EXISTS "v1_customuser_user_permissions_customuser_id_552a1fc1" ON "v1_customuser_user_permissions" ("customuser_id");
CREATE INDEX IF NOT EXISTS "v1_customuser_user_permissions_permission_id_20e4d19a" ON "v1_customuser_user_permissions" ("permission_id");
CREATE INDEX IF NOT EXISTS "v1_case_master_advocate_id_98cf365f" ON "v1_case_master" ("advocate_id");
CREATE INDEX IF NOT EXISTS "v1_case_master_stage_of_case_id_9e7f2ab6" ON "v1_case_master" ("stage_of_case_id");
CREATE INDEX IF NOT EXISTS "v1_case_master_case_type_id_57ad6e45" ON "v1_case_master" ("case_type_id");
CREATE INDEX IF NOT EXISTS "v1_casehistory_case_id_5027ab3c" ON "v1_casehistory" ("case_id");
CREATE INDEX IF NOT EXISTS "v1_clients_advocate_id_d8b260e3" ON "v1_clients" ("advocate_id");
CREATE INDEX IF NOT EXISTS "v1_associate_with_client_case_id_7de008c4" ON "v1_associate_with_client" ("case_id");
CREATE INDEX IF NOT EXISTS "v1_associate_with_client_client_id_66936c6c" ON "v1_associate_with_client" ("client_id");
CREATE INDEX IF NOT EXISTS "v1_courttransfer_case_id_9e796a46" ON "v1_courttransfer" ("case_id");
CREATE INDEX IF NOT EXISTS "v1_bar_district_id_1ef5cf73" ON "v1_bar" ("district_id");
CREATE INDEX IF NOT EXISTS "v1_district_state_id_157dcff4" ON "v1_district" ("state_id");
CREATE INDEX IF NOT EXISTS "v1_court_court_type_id_465696d0" ON "v1_court" ("court_type_id");
CREATE INDEX IF NOT EXISTS "v1_court_district_id_37d5870d" ON "v1_court" ("district_id");
CREATE INDEX IF NOT EXISTS "v1_court_state_id_47074aa2" ON "v1_court" ("state_id");
CREATE INDEX IF NOT EXISTS "django_admin_log_content_type_id_c4bce8eb" ON "django_admin_log" ("content_type_id");
CREATE INDEX IF NOT EXISTS "django_admin_log_user_id_c564eba6" ON "django_admin_log" ("user_id");
CREATE INDEX IF NOT EXISTS "django_session_expire_date_a5c62663" ON "django_session" ("expire_date");
CREATE TABLE IF NOT EXISTS "v1_case_stage" ("id" integer NOT NULL PRIMARY KEY AUTOINCREMENT, "stage_of_case" varchar(50) NULL);
INSERT INTO "v1_case_stage" VALUES(1,'Report');
INSERT INTO "v1_case_stage" VALUES(2,'Arguments on Application');
INSERT INTO "v1_case_stage" VALUES(3,'Framing/Arguments of Charges');
INSERT INTO "v1_case_stage" VALUES(4,'Prosecution Evidence');
INSERT INTO "v1_case_stage" VALUES(5,'Final arguments');
INSERT INTO "v1_case_stage" VALUES(6,'Examination of accused u/s. 313 Cr.P.C');
INSERT INTO "v1_case_stage" VALUES(7,'Hearing on Admission');
INSERT INTO "v1_case_stage" VALUES(8,'Summons/Notice/bailable warrant');
INSERT INTO "v1_case_stage" VALUES(9,'Non-bailable warrant');
INSERT INTO "v1_case_stage" VALUES(10,'Arguments on Bail Applications');
INSERT INTO "v1_case_stage" VALUES(11,'Defence Evidence');
INSERT INTO "v1_case_stage" VALUES(12,'Orders');
INSERT INTO "v1_case_stage" VALUES(13,'Awaiting Order from Higher Court');
INSERT INTO "v1_case_stage" VALUES(14,'Compliance');
INSERT INTO "v1_case_stage" VALUES(15,'Appearance of accused');
INSERT INTO "v1_case_stage" VALUES(16,'Proclamation under Section 82-83 Cr.P.C');
INSERT INTO "v1_case_stage" VALUES(17,'Reply of Application');
INSERT INTO "v1_case_stage" VALUES(18,'Judgment');
INSERT INTO "v1_case_stage" VALUES(19,'Awaiting Report');
INSERT INTO "v1_case_stage" VALUES(20,'Stayed by Higher Court');
CREATE UNIQUE INDEX "django_content_type_app_label_model_76bd3d3b_uniq" ON "django_content_type" ("app_label", "model");
CREATE UNIQUE INDEX "auth_group_permissions_group_id_permission_id_0cd325b0_uniq" ON "auth_group_permissions" ("group_id", "permission_id");
CREATE INDEX IF NOT EXISTS "auth_group_permissions_group_id_b120cbf9" ON "auth_group_permissions" ("group_id");
CREATE INDEX IF NOT EXISTS "auth_group_permissions_permission_id_84c5c92e" ON "auth_group_permissions" ("permission_id");
CREATE UNIQUE INDEX "auth_permission_content_type_id_codename_01ab375a_uniq" ON "auth_permission" ("content_type_id", "codename");
CREATE INDEX IF NOT EXISTS "auth_permission_content_type_id_2f476e4b" ON "auth_permission" ("content_type_id");
CREATE INDEX IF NOT EXISTS "v1_customuser_user_district_id_95d0f4e5" ON "v1_customuser" ("user_district_id");
CREATE INDEX IF NOT EXISTS "v1_customuser_user_state_id_6f146892" ON "v1_customuser" ("user_state_id");
CREATE UNIQUE INDEX "v1_customuser_groups_customuser_id_group_id_8dacacb2_uniq" ON "v1_customuser_groups" ("customuser_id", "group_id");
CREATE INDEX IF NOT EXISTS "v1_customuser_groups_customuser_id_b2aad204" ON "v1_customuser_groups" ("customuser_id");
CREATE INDEX IF NOT EXISTS "v1_customuser_groups_group_id_a5d7ad54" ON "v1_customuser_groups" ("group_id");
CREATE UNIQUE INDEX "v1_customuser_user_permissions_customuser_id_permission_id_ea0f6ae4_uniq" ON "v1_customuser_user_permissions" ("customuser_id", "permission_id");
CREATE INDEX IF NOT EXISTS "v1_customuser_user_permissions_customuser_id_552a1fc1" ON "v1_customuser_user_permissions" ("customuser_id");
CREATE INDEX IF NOT EXISTS "v1_customuser_user_permissions_permission_id_20e4d19a" ON "v1_customuser_user_permissions" ("permission_id");
CREATE INDEX IF NOT EXISTS "v1_case_master_advocate_id_98cf365f" ON "v1_case_master" ("advocate_id");
CREATE INDEX IF NOT EXISTS "v1_case_master_stage_of_case_id_9e7f2ab6" ON "v1_case_master" ("stage_of_case_id");
CREATE INDEX IF NOT EXISTS "v1_case_master_case_type_id_57ad6e45" ON "v1_case_master" ("case_type_id");
CREATE INDEX IF NOT EXISTS "v1_casehistory_case_id_5027ab3c" ON "v1_casehistory" ("case_id");
CREATE INDEX IF NOT EXISTS "v1_clients_advocate_id_d8b260e3" ON "v1_clients" ("advocate_id");
CREATE INDEX IF NOT EXISTS "v1_associate_with_client_case_id_7de008c4" ON "v1_associate_with_client" ("case_id");
CREATE INDEX IF NOT EXISTS "v1_associate_with_client_client_id_66936c6c" ON "v1_associate_with_client" ("client_id");
CREATE INDEX IF NOT EXISTS "v1_courttransfer_case_id_9e796a46" ON "v1_courttransfer" ("case_id");
CREATE INDEX IF NOT EXISTS "v1_bar_district_id_1ef5cf73" ON "v1_bar" ("district_id");
CREATE INDEX IF NOT EXISTS "v1_district_state_id_157dcff4" ON "v1_district" ("state_id");
CREATE INDEX IF NOT EXISTS "v1_court_court_type_id_465696d0" ON "v1_court" ("court_type_id");
CREATE INDEX IF NOT EXISTS "v1_court_district_id_37d5870d" ON "v1_court" ("district_id");
CREATE INDEX IF NOT EXISTS "v1_court_state_id_47074aa2" ON "v1_court" ("state_id");
CREATE INDEX IF NOT EXISTS "django_admin_log_content_type_id_c4bce8eb" ON "django_admin_log" ("content_type_id");
CREATE INDEX IF NOT EXISTS "django_admin_log_user_id_c564eba6" ON "django_admin_log" ("user_id");
CREATE INDEX IF NOT EXISTS "django_session_expire_date_a5c62663" ON "django_session" ("expire_date");
CREATE TABLE IF NOT EXISTS "v1_case_type" ("id" integer NOT NULL PRIMARY KEY AUTOINCREMENT, "case_type" varchar(50) NULL);
INSERT INTO "v1_case_type" VALUES(1,'Anticipatory Bail');
INSERT INTO "v1_case_type" VALUES(2,'Bail Application');
INSERT INTO "v1_case_type" VALUES(3,'Civil Suit');
INSERT INTO "v1_case_type" VALUES(4,'Civil Appeal');
INSERT INTO "v1_case_type" VALUES(5,'Civil Misc');
INSERT INTO "v1_case_type" VALUES(6,'Civil Revision');
INSERT INTO "v1_case_type" VALUES(7,'Arbitration');
INSERT INTO "v1_case_type" VALUES(8,'Complaint');
INSERT INTO "v1_case_type" VALUES(9,'Contempt');
INSERT INTO "v1_case_type" VALUES(10,'Criminal Case');
INSERT INTO "v1_case_type" VALUES(11,'Cr. Appeal');
INSERT INTO "v1_case_type" VALUES(12,'Cr. Revision');
INSERT INTO "v1_case_type" VALUES(13,'Cr. Misc');
INSERT INTO "v1_case_type" VALUES(14,'DRA');
INSERT INTO "v1_case_type" VALUES(15,'Execution');
INSERT INTO "v1_case_type" VALUES(16,'Family Case');
INSERT INTO "v1_case_type" VALUES(17,'Family Misc');
INSERT INTO "v1_case_type" VALUES(18,'Final Report - FR');
INSERT INTO "v1_case_type" VALUES(19,'Labour Case');
INSERT INTO "v1_case_type" VALUES(20,'Labour Misc');
INSERT INTO "v1_case_type" VALUES(21,'MACT Case');
INSERT INTO "v1_case_type" VALUES(22,'MACT Misc');
INSERT INTO "v1_case_type" VALUES(23,'Money Suit');
INSERT INTO "v1_case_type" VALUES(24,'Rent Case');
INSERT INTO "v1_case_type" VALUES(25,'Rent Appeal');
INSERT INTO "v1_case_type" VALUES(26,'Session Case');
INSERT INTO "v1_case_type" VALUES(27,'Sucession Certificate Case');
INSERT INTO "v1_case_type" VALUES(28,'Misc');
CREATE UNIQUE INDEX "django_content_type_app_label_model_76bd3d3b_uniq" ON "django_content_type" ("app_label", "model");
CREATE UNIQUE INDEX "auth_group_permissions_group_id_permission_id_0cd325b0_uniq" ON "auth_group_permissions" ("group_id", "permission_id");
CREATE INDEX IF NOT EXISTS "auth_group_permissions_group_id_b120cbf9" ON "auth_group_permissions" ("group_id");
CREATE INDEX IF NOT EXISTS "auth_group_permissions_permission_id_84c5c92e" ON "auth_group_permissions" ("permission_id");
CREATE UNIQUE INDEX "auth_permission_content_type_id_codename_01ab375a_uniq" ON "auth_permission" ("content_type_id", "codename");
CREATE INDEX IF NOT EXISTS "auth_permission_content_type_id_2f476e4b" ON "auth_permission" ("content_type_id");
CREATE INDEX IF NOT EXISTS "v1_customuser_user_district_id_95d0f4e5" ON "v1_customuser" ("user_district_id");
CREATE INDEX IF NOT EXISTS "v1_customuser_user_state_id_6f146892" ON "v1_customuser" ("user_state_id");
CREATE UNIQUE INDEX "v1_customuser_groups_customuser_id_group_id_8dacacb2_uniq" ON "v1_customuser_groups" ("customuser_id", "group_id");
CREATE INDEX IF NOT EXISTS "v1_customuser_groups_customuser_id_b2aad204" ON "v1_customuser_groups" ("customuser_id");
CREATE INDEX IF NOT EXISTS "v1_customuser_groups_group_id_a5d7ad54" ON "v1_customuser_groups" ("group_id");
CREATE UNIQUE INDEX "v1_customuser_user_permissions_customuser_id_permission_id_ea0f6ae4_uniq" ON "v1_customuser_user_permissions" ("customuser_id", "permission_id");
CREATE INDEX IF NOT EXISTS "v1_customuser_user_permissions_customuser_id_552a1fc1" ON "v1_customuser_user_permissions" ("customuser_id");
CREATE INDEX IF NOT EXISTS "v1_customuser_user_permissions_permission_id_20e4d19a" ON "v1_customuser_user_permissions" ("permission_id");
CREATE INDEX IF NOT EXISTS "v1_case_master_advocate_id_98cf365f" ON "v1_case_master" ("advocate_id");
CREATE INDEX IF NOT EXISTS "v1_case_master_stage_of_case_id_9e7f2ab6" ON "v1_case_master" ("stage_of_case_id");
CREATE INDEX IF NOT EXISTS "v1_case_master_case_type_id_57ad6e45" ON "v1_case_master" ("case_type_id");
CREATE INDEX IF NOT EXISTS "v1_casehistory_case_id_5027ab3c" ON "v1_casehistory" ("case_id");
CREATE INDEX IF NOT EXISTS "v1_clients_advocate_id_d8b260e3" ON "v1_clients" ("advocate_id");
CREATE INDEX IF NOT EXISTS "v1_associate_with_client_case_id_7de008c4" ON "v1_associate_with_client" ("case_id");
CREATE INDEX IF NOT EXISTS "v1_associate_with_client_client_id_66936c6c" ON "v1_associate_with_client" ("client_id");
CREATE INDEX IF NOT EXISTS "v1_courttransfer_case_id_9e796a46" ON "v1_courttransfer" ("case_id");
CREATE INDEX IF NOT EXISTS "v1_bar_district_id_1ef5cf73" ON "v1_bar" ("district_id");
CREATE INDEX IF NOT EXISTS "v1_district_state_id_157dcff4" ON "v1_district" ("state_id");
CREATE INDEX IF NOT EXISTS "v1_court_court_type_id_465696d0" ON "v1_court" ("court_type_id");
CREATE INDEX IF NOT EXISTS "v1_court_district_id_37d5870d" ON "v1_court" ("district_id");
CREATE INDEX IF NOT EXISTS "v1_court_state_id_47074aa2" ON "v1_court" ("state_id");
CREATE INDEX IF NOT EXISTS "django_admin_log_content_type_id_c4bce8eb" ON "django_admin_log" ("content_type_id");
CREATE INDEX IF NOT EXISTS "django_admin_log_user_id_c564eba6" ON "django_admin_log" ("user_id");
CREATE INDEX IF NOT EXISTS "django_session_expire_date_a5c62663" ON "django_session" ("expire_date");
CREATE TABLE IF NOT EXISTS "v1_casehistory" ("id" integer NOT NULL PRIMARY KEY AUTOINCREMENT, "uid" char(32) NOT NULL UNIQUE, "created_at" datetime NOT NULL, "updated_at" datetime NOT NULL, "is_deleted" bool NOT NULL, "last_date" date NULL, "next_date" date NULL, "stage" varchar(50) NULL, "particular" text NULL, "file" varchar(100) NULL, "case_id" bigint NOT NULL REFERENCES "v1_case_master" ("id") DEFERRABLE INITIALLY DEFERRED);
CREATE UNIQUE INDEX "django_content_type_app_label_model_76bd3d3b_uniq" ON "django_content_type" ("app_label", "model");
CREATE UNIQUE INDEX "auth_group_permissions_group_id_permission_id_0cd325b0_uniq" ON "auth_group_permissions" ("group_id", "permission_id");
CREATE INDEX IF NOT EXISTS "auth_group_permissions_group_id_b120cbf9" ON "auth_group_permissions" ("group_id");
CREATE INDEX IF NOT EXISTS "auth_group_permissions_permission_id_84c5c92e" ON "auth_group_permissions" ("permission_id");
CREATE UNIQUE INDEX "auth_permission_content_type_id_codename_01ab375a_uniq" ON "auth_permission" ("content_type_id", "codename");
CREATE INDEX IF NOT EXISTS "auth_permission_content_type_id_2f476e4b" ON "auth_permission" ("content_type_id");
CREATE INDEX IF NOT EXISTS "v1_customuser_user_district_id_95d0f4e5" ON "v1_customuser" ("user_district_id");
CREATE INDEX IF NOT EXISTS "v1_customuser_user_state_id_6f146892" ON "v1_customuser" ("user_state_id");
CREATE UNIQUE INDEX "v1_customuser_groups_customuser_id_group_id_8dacacb2_uniq" ON "v1_customuser_groups" ("customuser_id", "group_id");
CREATE INDEX IF NOT EXISTS "v1_customuser_groups_customuser_id_b2aad204" ON "v1_customuser_groups" ("customuser_id");
CREATE INDEX IF NOT EXISTS "v1_customuser_groups_group_id_a5d7ad54" ON "v1_customuser_groups" ("group_id");
CREATE UNIQUE INDEX "v1_customuser_user_permissions_customuser_id_permission_id_ea0f6ae4_uniq" ON "v1_customuser_user_permissions" ("customuser_id", "permission_id");
CREATE INDEX IF NOT EXISTS "v1_customuser_user_permissions_customuser_id_552a1fc1" ON "v1_customuser_user_permissions" ("customuser_id");
CREATE INDEX IF NOT EXISTS "v1_customuser_user_permissions_permission_id_20e4d19a" ON "v1_customuser_user_permissions" ("permission_id");
CREATE INDEX IF NOT EXISTS "v1_case_master_advocate_id_98cf365f" ON "v1_case_master" ("advocate_id");
CREATE INDEX IF NOT EXISTS "v1_case_master_stage_of_case_id_9e7f2ab6" ON "v1_case_master" ("stage_of_case_id");
CREATE INDEX IF NOT EXISTS "v1_case_master_case_type_id_57ad6e45" ON "v1_case_master" ("case_type_id");
CREATE INDEX IF NOT EXISTS "v1_casehistory_case_id_5027ab3c" ON "v1_casehistory" ("case_id");
CREATE INDEX IF NOT EXISTS "v1_clients_advocate_id_d8b260e3" ON "v1_clients" ("advocate_id");
CREATE INDEX IF NOT EXISTS "v1_associate_with_client_case_id_7de008c4" ON "v1_associate_with_client" ("case_id");
CREATE INDEX IF NOT EXISTS "v1_associate_with_client_client_id_66936c6c" ON "v1_associate_with_client" ("client_id");
CREATE INDEX IF NOT EXISTS "v1_courttransfer_case_id_9e796a46" ON "v1_courttransfer" ("case_id");
CREATE INDEX IF NOT EXISTS "v1_bar_district_id_1ef5cf73" ON "v1_bar" ("district_id");
CREATE INDEX IF NOT EXISTS "v1_district_state_id_157dcff4" ON "v1_district" ("state_id");
CREATE INDEX IF NOT EXISTS "v1_court_court_type_id_465696d0" ON "v1_court" ("court_type_id");
CREATE INDEX IF NOT EXISTS "v1_court_district_id_37d5870d" ON "v1_court" ("district_id");
CREATE INDEX IF NOT EXISTS "v1_court_state_id_47074aa2" ON "v1_court" ("state_id");
CREATE INDEX IF NOT EXISTS "django_admin_log_content_type_id_c4bce8eb" ON "django_admin_log" ("content_type_id");
CREATE INDEX IF NOT EXISTS "django_admin_log_user_id_c564eba6" ON "django_admin_log" ("user_id");
CREATE INDEX IF NOT EXISTS "django_session_expire_date_a5c62663" ON "django_session" ("expire_date");
CREATE TABLE IF NOT EXISTS "v1_clients" ("id" integer NOT NULL PRIMARY KEY AUTOINCREMENT, "uid" char(32) NOT NULL UNIQUE, "created_at" datetime NOT NULL, "updated_at" datetime NOT NULL, "is_deleted" bool NOT NULL, "name" varchar(50) NULL, "address" text NULL, "mobile" varchar(10) NULL, "advocate_id" bigint NOT NULL REFERENCES "v1_customuser" ("id") DEFERRABLE INITIALLY DEFERRED);
CREATE UNIQUE INDEX "django_content_type_app_label_model_76bd3d3b_uniq" ON "django_content_type" ("app_label", "model");
CREATE UNIQUE INDEX "auth_group_permissions_group_id_permission_id_0cd325b0_uniq" ON "auth_group_permissions" ("group_id", "permission_id");
CREATE INDEX IF NOT EXISTS "auth_group_permissions_group_id_b120cbf9" ON "auth_group_permissions" ("group_id");
CREATE INDEX IF NOT EXISTS "auth_group_permissions_permission_id_84c5c92e" ON "auth_group_permissions" ("permission_id");
CREATE UNIQUE INDEX "auth_permission_content_type_id_codename_01ab375a_uniq" ON "auth_permission" ("content_type_id", "codename");
CREATE INDEX IF NOT EXISTS "auth_permission_content_type_id_2f476e4b" ON "auth_permission" ("content_type_id");
CREATE INDEX IF NOT EXISTS "v1_customuser_user_district_id_95d0f4e5" ON "v1_customuser" ("user_district_id");
CREATE INDEX IF NOT EXISTS "v1_customuser_user_state_id_6f146892" ON "v1_customuser" ("user_state_id");
CREATE UNIQUE INDEX "v1_customuser_groups_customuser_id_group_id_8dacacb2_uniq" ON "v1_customuser_groups" ("customuser_id", "group_id");
CREATE INDEX IF NOT EXISTS "v1_customuser_groups_customuser_id_b2aad204" ON "v1_customuser_groups" ("customuser_id");
CREATE INDEX IF NOT EXISTS "v1_customuser_groups_group_id_a5d7ad54" ON "v1_customuser_groups" ("group_id");
CREATE UNIQUE INDEX "v1_customuser_user_permissions_customuser_id_permission_id_ea0f6ae4_uniq" ON "v1_customuser_user_permissions" ("customuser_id", "permission_id");
CREATE INDEX IF NOT EXISTS "v1_customuser_user_permissions_customuser_id_552a1fc1" ON "v1_customuser_user_permissions" ("customuser_id");
CREATE INDEX IF NOT EXISTS "v1_customuser_user_permissions_permission_id_20e4d19a" ON "v1_customuser_user_permissions" ("permission_id");
CREATE INDEX IF NOT EXISTS "v1_case_master_advocate_id_98cf365f" ON "v1_case_master" ("advocate_id");
CREATE INDEX IF NOT EXISTS "v1_case_master_stage_of_case_id_9e7f2ab6" ON "v1_case_master" ("stage_of_case_id");
CREATE INDEX IF NOT EXISTS "v1_case_master_case_type_id_57ad6e45" ON "v1_case_master" ("case_type_id");
CREATE INDEX IF NOT EXISTS "v1_casehistory_case_id_5027ab3c" ON "v1_casehistory" ("case_id");
CREATE INDEX IF NOT EXISTS "v1_clients_advocate_id_d8b260e3" ON "v1_clients" ("advocate_id");
CREATE INDEX IF NOT EXISTS "v1_associate_with_client_case_id_7de008c4" ON "v1_associate_with_client" ("case_id");
CREATE INDEX IF NOT EXISTS "v1_associate_with_client_client_id_66936c6c" ON "v1_associate_with_client" ("client_id");
CREATE INDEX IF NOT EXISTS "v1_courttransfer_case_id_9e796a46" ON "v1_courttransfer" ("case_id");
CREATE INDEX IF NOT EXISTS "v1_bar_district_id_1ef5cf73" ON "v1_bar" ("district_id");
CREATE INDEX IF NOT EXISTS "v1_district_state_id_157dcff4" ON "v1_district" ("state_id");
CREATE INDEX IF NOT EXISTS "v1_court_court_type_id_465696d0" ON "v1_court" ("court_type_id");
CREATE INDEX IF NOT EXISTS "v1_court_district_id_37d5870d" ON "v1_court" ("district_id");
CREATE INDEX IF NOT EXISTS "v1_court_state_id_47074aa2" ON "v1_court" ("state_id");
CREATE INDEX IF NOT EXISTS "django_admin_log_content_type_id_c4bce8eb" ON "django_admin_log" ("content_type_id");
CREATE INDEX IF NOT EXISTS "django_admin_log_user_id_c564eba6" ON "django_admin_log" ("user_id");
CREATE INDEX IF NOT EXISTS "django_session_expire_date_a5c62663" ON "django_session" ("expire_date");
CREATE TABLE IF NOT EXISTS "v1_court" ("id" integer NOT NULL PRIMARY KEY AUTOINCREMENT, "court_name" varchar(50) NULL, "court_no" varchar(50) NULL, "court_type_id" bigint NOT NULL REFERENCES "v1_court_type" ("id") DEFERRABLE INITIALLY DEFERRED, "district_id" bigint NOT NULL REFERENCES "v1_district" ("id") DEFERRABLE INITIALLY DEFERRED, "state_id" bigint NOT NULL REFERENCES "v1_state" ("id") DEFERRABLE INITIALLY DEFERRED);
CREATE UNIQUE INDEX "django_content_type_app_label_model_76bd3d3b_uniq" ON "django_content_type" ("app_label", "model");
CREATE UNIQUE INDEX "auth_group_permissions_group_id_permission_id_0cd325b0_uniq" ON "auth_group_permissions" ("group_id", "permission_id");
CREATE INDEX IF NOT EXISTS "auth_group_permissions_group_id_b120cbf9" ON "auth_group_permissions" ("group_id");
CREATE INDEX IF NOT EXISTS "auth_group_permissions_permission_id_84c5c92e" ON "auth_group_permissions" ("permission_id");
CREATE UNIQUE INDEX "auth_permission_content_type_id_codename_01ab375a_uniq" ON "auth_permission" ("content_type_id", "codename");
CREATE INDEX IF NOT EXISTS "auth_permission_content_type_id_2f476e4b" ON "auth_permission" ("content_type_id");
CREATE INDEX IF NOT EXISTS "v1_customuser_user_district_id_95d0f4e5" ON "v1_customuser" ("user_district_id");
CREATE INDEX IF NOT EXISTS "v1_customuser_user_state_id_6f146892" ON "v1_customuser" ("user_state_id");
CREATE UNIQUE INDEX "v1_customuser_groups_customuser_id_group_id_8dacacb2_uniq" ON "v1_customuser_groups" ("customuser_id", "group_id");
CREATE INDEX IF NOT EXISTS "v1_customuser_groups_customuser_id_b2aad204" ON "v1_customuser_groups" ("customuser_id");
CREATE INDEX IF NOT EXISTS "v1_customuser_groups_group_id_a5d7ad54" ON "v1_customuser_groups" ("group_id");
CREATE UNIQUE INDEX "v1_customuser_user_permissions_customuser_id_permission_id_ea0f6ae4_uniq" ON "v1_customuser_user_permissions" ("customuser_id", "permission_id");
CREATE INDEX IF NOT EXISTS "v1_customuser_user_permissions_customuser_id_552a1fc1" ON "v1_customuser_user_permissions" ("customuser_id");
CREATE INDEX IF NOT EXISTS "v1_customuser_user_permissions_permission_id_20e4d19a" ON "v1_customuser_user_permissions" ("permission_id");
CREATE INDEX IF NOT EXISTS "v1_case_master_advocate_id_98cf365f" ON "v1_case_master" ("advocate_id");
CREATE INDEX IF NOT EXISTS "v1_case_master_stage_of_case_id_9e7f2ab6" ON "v1_case_master" ("stage_of_case_id");
CREATE INDEX IF NOT EXISTS "v1_case_master_case_type_id_57ad6e45" ON "v1_case_master" ("case_type_id");
CREATE INDEX IF NOT EXISTS "v1_casehistory_case_id_5027ab3c" ON "v1_casehistory" ("case_id");
CREATE INDEX IF NOT EXISTS "v1_clients_advocate_id_d8b260e3" ON "v1_clients" ("advocate_id");
CREATE INDEX IF NOT EXISTS "v1_associate_with_client_case_id_7de008c4" ON "v1_associate_with_client" ("case_id");
CREATE INDEX IF NOT EXISTS "v1_associate_with_client_client_id_66936c6c" ON "v1_associate_with_client" ("client_id");
CREATE INDEX IF NOT EXISTS "v1_courttransfer_case_id_9e796a46" ON "v1_courttransfer" ("case_id");
CREATE INDEX IF NOT EXISTS "v1_bar_district_id_1ef5cf73" ON "v1_bar" ("district_id");
CREATE INDEX IF NOT EXISTS "v1_district_state_id_157dcff4" ON "v1_district" ("state_id");
CREATE INDEX IF NOT EXISTS "v1_court_court_type_id_465696d0" ON "v1_court" ("court_type_id");
CREATE INDEX IF NOT EXISTS "v1_court_district_id_37d5870d" ON "v1_court" ("district_id");
CREATE INDEX IF NOT EXISTS "v1_court_state_id_47074aa2" ON "v1_court" ("state_id");
CREATE INDEX IF NOT EXISTS "django_admin_log_content_type_id_c4bce8eb" ON "django_admin_log" ("content_type_id");
CREATE INDEX IF NOT EXISTS "django_admin_log_user_id_c564eba6" ON "django_admin_log" ("user_id");
CREATE INDEX IF NOT EXISTS "django_session_expire_date_a5c62663" ON "django_session" ("expire_date");
CREATE TABLE IF NOT EXISTS "v1_court_type" ("id" integer NOT NULL PRIMARY KEY AUTOINCREMENT, "court_type" varchar(50) NULL);
INSERT INTO "v1_court_type" VALUES(1,'D');
INSERT INTO "v1_court_type" VALUES(2,'i');
INSERT INTO "v1_court_type" VALUES(3,'s');
INSERT INTO "v1_court_type" VALUES(4,'t');
INSERT INTO "v1_court_type" VALUES(5,'r');
INSERT INTO "v1_court_type" VALUES(6,'i');
INSERT INTO "v1_court_type" VALUES(7,'c');
INSERT INTO "v1_court_type" VALUES(8,'t');
INSERT INTO "v1_court_type" VALUES(9,' ');
INSERT INTO "v1_court_type" VALUES(10,'C');
INSERT INTO "v1_court_type" VALUES(11,'o');
INSERT INTO "v1_court_type" VALUES(12,'u');
INSERT INTO "v1_court_type" VALUES(13,'r');
INSERT INTO "v1_court_type" VALUES(14,'t');
CREATE UNIQUE INDEX "django_content_type_app_label_model_76bd3d3b_uniq" ON "django_content_type" ("app_label", "model");
CREATE UNIQUE INDEX "auth_group_permissions_group_id_permission_id_0cd325b0_uniq" ON "auth_group_permissions" ("group_id", "permission_id");
CREATE INDEX IF NOT EXISTS "auth_group_permissions_group_id_b120cbf9" ON "auth_group_permissions" ("group_id");
CREATE INDEX IF NOT EXISTS "auth_group_permissions_permission_id_84c5c92e" ON "auth_group_permissions" ("permission_id");
CREATE UNIQUE INDEX "auth_permission_content_type_id_codename_01ab375a_uniq" ON "auth_permission" ("content_type_id", "codename");
CREATE INDEX IF NOT EXISTS "auth_permission_content_type_id_2f476e4b" ON "auth_permission" ("content_type_id");
CREATE INDEX IF NOT EXISTS "v1_customuser_user_district_id_95d0f4e5" ON "v1_customuser" ("user_district_id");
CREATE INDEX IF NOT EXISTS "v1_customuser_user_state_id_6f146892" ON "v1_customuser" ("user_state_id");
CREATE UNIQUE INDEX "v1_customuser_groups_customuser_id_group_id_8dacacb2_uniq" ON "v1_customuser_groups" ("customuser_id", "group_id");
CREATE INDEX IF NOT EXISTS "v1_customuser_groups_customuser_id_b2aad204" ON "v1_customuser_groups" ("customuser_id");
CREATE INDEX IF NOT EXISTS "v1_customuser_groups_group_id_a5d7ad54" ON "v1_customuser_groups" ("group_id");
CREATE UNIQUE INDEX "v1_customuser_user_permissions_customuser_id_permission_id_ea0f6ae4_uniq" ON "v1_customuser_user_permissions" ("customuser_id", "permission_id");
CREATE INDEX IF NOT EXISTS "v1_customuser_user_permissions_customuser_id_552a1fc1" ON "v1_customuser_user_permissions" ("customuser_id");
CREATE INDEX IF NOT EXISTS "v1_customuser_user_permissions_permission_id_20e4d19a" ON "v1_customuser_user_permissions" ("permission_id");
CREATE INDEX IF NOT EXISTS "v1_case_master_advocate_id_98cf365f" ON "v1_case_master" ("advocate_id");
CREATE INDEX IF NOT EXISTS "v1_case_master_stage_of_case_id_9e7f2ab6" ON "v1_case_master" ("stage_of_case_id");
CREATE INDEX IF NOT EXISTS "v1_case_master_case_type_id_57ad6e45" ON "v1_case_master" ("case_type_id");
CREATE INDEX IF NOT EXISTS "v1_casehistory_case_id_5027ab3c" ON "v1_casehistory" ("case_id");
CREATE INDEX IF NOT EXISTS "v1_clients_advocate_id_d8b260e3" ON "v1_clients" ("advocate_id");
CREATE INDEX IF NOT EXISTS "v1_associate_with_client_case_id_7de008c4" ON "v1_associate_with_client" ("case_id");
CREATE INDEX IF NOT EXISTS "v1_associate_with_client_client_id_66936c6c" ON "v1_associate_with_client" ("client_id");
CREATE INDEX IF NOT EXISTS "v1_courttransfer_case_id_9e796a46" ON "v1_courttransfer" ("case_id");
CREATE INDEX IF NOT EXISTS "v1_bar_district_id_1ef5cf73" ON "v1_bar" ("district_id");
CREATE INDEX IF NOT EXISTS "v1_district_state_id_157dcff4" ON "v1_district" ("state_id");
CREATE INDEX IF NOT EXISTS "v1_court_court_type_id_465696d0" ON "v1_court" ("court_type_id");
CREATE INDEX IF NOT EXISTS "v1_court_district_id_37d5870d" ON "v1_court" ("district_id");
CREATE INDEX IF NOT EXISTS "v1_court_state_id_47074aa2" ON "v1_court" ("state_id");
CREATE INDEX IF NOT EXISTS "django_admin_log_content_type_id_c4bce8eb" ON "django_admin_log" ("content_type_id");
CREATE INDEX IF NOT EXISTS "django_admin_log_user_id_c564eba6" ON "django_admin_log" ("user_id");
CREATE INDEX IF NOT EXISTS "django_session_expire_date_a5c62663" ON "django_session" ("expire_date");
CREATE TABLE IF NOT EXISTS "v1_courttransfer" ("id" integer NOT NULL PRIMARY KEY AUTOINCREMENT, "uid" char(32) NOT NULL UNIQUE, "created_at" datetime NOT NULL, "updated_at" datetime NOT NULL, "is_deleted" bool NOT NULL, "date" date NOT NULL, "old_court" varchar(50) NULL, "new_court" varchar(50) NULL, "case_id" bigint NOT NULL REFERENCES "v1_case_master" ("id") DEFERRABLE INITIALLY DEFERRED);
CREATE UNIQUE INDEX "django_content_type_app_label_model_76bd3d3b_uniq" ON "django_content_type" ("app_label", "model");
CREATE UNIQUE INDEX "auth_group_permissions_group_id_permission_id_0cd325b0_uniq" ON "auth_group_permissions" ("group_id", "permission_id");
CREATE INDEX IF NOT EXISTS "auth_group_permissions_group_id_b120cbf9" ON "auth_group_permissions" ("group_id");
CREATE INDEX IF NOT EXISTS "auth_group_permissions_permission_id_84c5c92e" ON "auth_group_permissions" ("permission_id");
CREATE UNIQUE INDEX "auth_permission_content_type_id_codename_01ab375a_uniq" ON "auth_permission" ("content_type_id", "codename");
CREATE INDEX IF NOT EXISTS "auth_permission_content_type_id_2f476e4b" ON "auth_permission" ("content_type_id");
CREATE INDEX IF NOT EXISTS "v1_customuser_user_district_id_95d0f4e5" ON "v1_customuser" ("user_district_id");
CREATE INDEX IF NOT EXISTS "v1_customuser_user_state_id_6f146892" ON "v1_customuser" ("user_state_id");
CREATE UNIQUE INDEX "v1_customuser_groups_customuser_id_group_id_8dacacb2_uniq" ON "v1_customuser_groups" ("customuser_id", "group_id");
CREATE INDEX IF NOT EXISTS "v1_customuser_groups_customuser_id_b2aad204" ON "v1_customuser_groups" ("customuser_id");
CREATE INDEX IF NOT EXISTS "v1_customuser_groups_group_id_a5d7ad54" ON "v1_customuser_groups" ("group_id");
CREATE UNIQUE INDEX "v1_customuser_user_permissions_customuser_id_permission_id_ea0f6ae4_uniq" ON "v1_customuser_user_permissions" ("customuser_id", "permission_id");
CREATE INDEX IF NOT EXISTS "v1_customuser_user_permissions_customuser_id_552a1fc1" ON "v1_customuser_user_permissions" ("customuser_id");
CREATE INDEX IF NOT EXISTS "v1_customuser_user_permissions_permission_id_20e4d19a" ON "v1_customuser_user_permissions" ("permission_id");
CREATE INDEX IF NOT EXISTS "v1_case_master_advocate_id_98cf365f" ON "v1_case_master" ("advocate_id");
CREATE INDEX IF NOT EXISTS "v1_case_master_stage_of_case_id_9e7f2ab6" ON "v1_case_master" ("stage_of_case_id");
CREATE INDEX IF NOT EXISTS "v1_case_master_case_type_id_57ad6e45" ON "v1_case_master" ("case_type_id");
CREATE INDEX IF NOT EXISTS "v1_casehistory_case_id_5027ab3c" ON "v1_casehistory" ("case_id");
CREATE INDEX IF NOT EXISTS "v1_clients_advocate_id_d8b260e3" ON "v1_clients" ("advocate_id");
CREATE INDEX IF NOT EXISTS "v1_associate_with_client_case_id_7de008c4" ON "v1_associate_with_client" ("case_id");
CREATE INDEX IF NOT EXISTS "v1_associate_with_client_client_id_66936c6c" ON "v1_associate_with_client" ("client_id");
CREATE INDEX IF NOT EXISTS "v1_courttransfer_case_id_9e796a46" ON "v1_courttransfer" ("case_id");
CREATE INDEX IF NOT EXISTS "v1_bar_district_id_1ef5cf73" ON "v1_bar" ("district_id");
CREATE INDEX IF NOT EXISTS "v1_district_state_id_157dcff4" ON "v1_district" ("state_id");
CREATE INDEX IF NOT EXISTS "v1_court_court_type_id_465696d0" ON "v1_court" ("court_type_id");
CREATE INDEX IF NOT EXISTS "v1_court_district_id_37d5870d" ON "v1_court" ("district_id");
CREATE INDEX IF NOT EXISTS "v1_court_state_id_47074aa2" ON "v1_court" ("state_id");
CREATE INDEX IF NOT EXISTS "django_admin_log_content_type_id_c4bce8eb" ON "django_admin_log" ("content_type_id");
CREATE INDEX IF NOT EXISTS "django_admin_log_user_id_c564eba6" ON "django_admin_log" ("user_id");
CREATE INDEX IF NOT EXISTS "django_session_expire_date_a5c62663" ON "django_session" ("expire_date");
CREATE TABLE IF NOT EXISTS "v1_customuser" ("id" integer NOT NULL PRIMARY KEY AUTOINCREMENT, "password" varchar(128) NOT NULL, "is_superuser" bool NOT NULL, "first_name" varchar(150) NOT NULL, "last_name" varchar(150) NOT NULL, "is_staff" bool NOT NULL, "is_active" bool NOT NULL, "date_joined" datetime NOT NULL, "uid" char(32) NOT NULL UNIQUE, "created_at" datetime NOT NULL, "updated_at" datetime NOT NULL, "phone_number" varchar(15) NOT NULL UNIQUE, "profile_bio" text NULL, "user_profile_image" varchar(100) NULL, "email" varchar(254) NULL UNIQUE, "user_type" varchar(10) NOT NULL, "user_name" varchar(100) NULL, "user_dob" date NULL, "user_address1" varchar(100) NULL, "user_address2" varchar(100) NULL, "user_address3" varchar(100) NULL, "user_district_pincode" integer NULL, "advocate_registration_number" varchar(100) NULL, "user_under_which_advocate" varchar(100) NULL, "is_phone_number_verified" bool NOT NULL, "is_email_verified" bool NOT NULL, "is_first_login" bool NOT NULL, "otp" varchar(6) NULL, "otp_created_at" datetime NOT NULL, "email_token" varchar(200) NOT NULL, "email_token_created_at" datetime NULL, "last_login" datetime NULL, "user_district_id" bigint NULL REFERENCES "v1_district" ("id") DEFERRABLE INITIALLY DEFERRED, "user_state_id" bigint NULL REFERENCES "v1_state" ("id") DEFERRABLE INITIALLY DEFERRED, "user_id_id" bigint NULL UNIQUE REFERENCES "v1_user_id" ("id") DEFERRABLE INITIALLY DEFERRED);
INSERT INTO "v1_customuser" VALUES(1,'pbkdf2_sha256$870000$NAhT23M0Z0Vu9GPdndVOMJ$b3JHWb3kFx3psMowPd7Ehid9JrDPpYXxEyFQ3RhSobI=',1,'','',1,1,'2025-02-16 06:29:20.158127','66b45baa1db442ac9cba31e7ef5e27b3','2025-02-16 06:29:21.132583','2025-02-16 06:29:21.132598','9887175577',NULL,'','','admin',NULL,NULL,NULL,NULL,NULL,NULL,NULL,NULL,0,0,1,NULL,'2025-02-16 06:29:21.132677','',NULL,'2025-02-19 12:56:29.621099',NULL,NULL,NULL);
CREATE UNIQUE INDEX "django_content_type_app_label_model_76bd3d3b_uniq" ON "django_content_type" ("app_label", "model");
CREATE UNIQUE INDEX "auth_group_permissions_group_id_permission_id_0cd325b0_uniq" ON "auth_group_permissions" ("group_id", "permission_id");
CREATE INDEX IF NOT EXISTS "auth_group_permissions_group_id_b120cbf9" ON "auth_group_permissions" ("group_id");
CREATE INDEX IF NOT EXISTS "auth_group_permissions_permission_id_84c5c92e" ON "auth_group_permissions" ("permission_id");
CREATE UNIQUE INDEX "auth_permission_content_type_id_codename_01ab375a_uniq" ON "auth_permission" ("content_type_id", "codename");
CREATE INDEX IF NOT EXISTS "auth_permission_content_type_id_2f476e4b" ON "auth_permission" ("content_type_id");
CREATE INDEX IF NOT EXISTS "v1_customuser_user_district_id_95d0f4e5" ON "v1_customuser" ("user_district_id");
CREATE INDEX IF NOT EXISTS "v1_customuser_user_state_id_6f146892" ON "v1_customuser" ("user_state_id");
CREATE UNIQUE INDEX "v1_customuser_groups_customuser_id_group_id_8dacacb2_uniq" ON "v1_customuser_groups" ("customuser_id", "group_id");
CREATE INDEX IF NOT EXISTS "v1_customuser_groups_customuser_id_b2aad204" ON "v1_customuser_groups" ("customuser_id");
CREATE INDEX IF NOT EXISTS "v1_customuser_groups_group_id_a5d7ad54" ON "v1_customuser_groups" ("group_id");
CREATE UNIQUE INDEX "v1_customuser_user_permissions_customuser_id_permission_id_ea0f6ae4_uniq" ON "v1_customuser_user_permissions" ("customuser_id", "permission_id");
CREATE INDEX IF NOT EXISTS "v1_customuser_user_permissions_customuser_id_552a1fc1" ON "v1_customuser_user_permissions" ("customuser_id");
CREATE INDEX IF NOT EXISTS "v1_customuser_user_permissions_permission_id_20e4d19a" ON "v1_customuser_user_permissions" ("permission_id");
CREATE INDEX IF NOT EXISTS "v1_case_master_advocate_id_98cf365f" ON "v1_case_master" ("advocate_id");
CREATE INDEX IF NOT EXISTS "v1_case_master_stage_of_case_id_9e7f2ab6" ON "v1_case_master" ("stage_of_case_id");
CREATE INDEX IF NOT EXISTS "v1_case_master_case_type_id_57ad6e45" ON "v1_case_master" ("case_type_id");
CREATE INDEX IF NOT EXISTS "v1_casehistory_case_id_5027ab3c" ON "v1_casehistory" ("case_id");
CREATE INDEX IF NOT EXISTS "v1_clients_advocate_id_d8b260e3" ON "v1_clients" ("advocate_id");
CREATE INDEX IF NOT EXISTS "v1_associate_with_client_case_id_7de008c4" ON "v1_associate_with_client" ("case_id");
CREATE INDEX IF NOT EXISTS "v1_associate_with_client_client_id_66936c6c" ON "v1_associate_with_client" ("client_id");
CREATE INDEX IF NOT EXISTS "v1_courttransfer_case_id_9e796a46" ON "v1_courttransfer" ("case_id");
CREATE INDEX IF NOT EXISTS "v1_bar_district_id_1ef5cf73" ON "v1_bar" ("district_id");
CREATE INDEX IF NOT EXISTS "v1_district_state_id_157dcff4" ON "v1_district" ("state_id");
CREATE INDEX IF NOT EXISTS "v1_court_court_type_id_465696d0" ON "v1_court" ("court_type_id");
CREATE INDEX IF NOT EXISTS "v1_court_district_id_37d5870d" ON "v1_court" ("district_id");
CREATE INDEX IF NOT EXISTS "v1_court_state_id_47074aa2" ON "v1_court" ("state_id");
CREATE INDEX IF NOT EXISTS "django_admin_log_content_type_id_c4bce8eb" ON "django_admin_log" ("content_type_id");
CREATE INDEX IF NOT EXISTS "django_admin_log_user_id_c564eba6" ON "django_admin_log" ("user_id");
CREATE INDEX IF NOT EXISTS "django_session_expire_date_a5c62663" ON "django_session" ("expire_date");
CREATE TABLE IF NOT EXISTS "v1_customuser_groups" ("id" integer NOT NULL PRIMARY KEY AUTOINCREMENT, "customuser_id" bigint NOT NULL REFERENCES "v1_customuser" ("id") DEFERRABLE INITIALLY DEFERRED, "group_id" integer NOT NULL REFERENCES "auth_group" ("id") DEFERRABLE INITIALLY DEFERRED);
CREATE UNIQUE INDEX "django_content_type_app_label_model_76bd3d3b_uniq" ON "django_content_type" ("app_label", "model");
CREATE UNIQUE INDEX "auth_group_permissions_group_id_permission_id_0cd325b0_uniq" ON "auth_group_permissions" ("group_id", "permission_id");
CREATE INDEX IF NOT EXISTS "auth_group_permissions_group_id_b120cbf9" ON "auth_group_permissions" ("group_id");
CREATE INDEX IF NOT EXISTS "auth_group_permissions_permission_id_84c5c92e" ON "auth_group_permissions" ("permission_id");
CREATE UNIQUE INDEX "auth_permission_content_type_id_codename_01ab375a_uniq" ON "auth_permission" ("content_type_id", "codename");
CREATE INDEX IF NOT EXISTS "auth_permission_content_type_id_2f476e4b" ON "auth_permission" ("content_type_id");
CREATE INDEX IF NOT EXISTS "v1_customuser_user_district_id_95d0f4e5" ON "v1_customuser" ("user_district_id");
CREATE INDEX IF NOT EXISTS "v1_customuser_user_state_id_6f146892" ON "v1_customuser" ("user_state_id");
CREATE UNIQUE INDEX "v1_customuser_groups_customuser_id_group_id_8dacacb2_uniq" ON "v1_customuser_groups" ("customuser_id", "group_id");
CREATE INDEX IF NOT EXISTS "v1_customuser_groups_customuser_id_b2aad204" ON "v1_customuser_groups" ("customuser_id");
CREATE INDEX IF NOT EXISTS "v1_customuser_groups_group_id_a5d7ad54" ON "v1_customuser_groups" ("group_id");
CREATE UNIQUE INDEX "v1_customuser_user_permissions_customuser_id_permission_id_ea0f6ae4_uniq" ON "v1_customuser_user_permissions" ("customuser_id", "permission_id");
CREATE INDEX IF NOT EXISTS "v1_customuser_user_permissions_customuser_id_552a1fc1" ON "v1_customuser_user_permissions" ("customuser_id");
CREATE INDEX IF NOT EXISTS "v1_customuser_user_permissions_permission_id_20e4d19a" ON "v1_customuser_user_permissions" ("permission_id");
CREATE INDEX IF NOT EXISTS "v1_case_master_advocate_id_98cf365f" ON "v1_case_master" ("advocate_id");
CREATE INDEX IF NOT EXISTS "v1_case_master_stage_of_case_id_9e7f2ab6" ON "v1_case_master" ("stage_of_case_id");
CREATE INDEX IF NOT EXISTS "v1_case_master_case_type_id_57ad6e45" ON "v1_case_master" ("case_type_id");
CREATE INDEX IF NOT EXISTS "v1_casehistory_case_id_5027ab3c" ON "v1_casehistory" ("case_id");
CREATE INDEX IF NOT EXISTS "v1_clients_advocate_id_d8b260e3" ON "v1_clients" ("advocate_id");
CREATE INDEX IF NOT EXISTS "v1_associate_with_client_case_id_7de008c4" ON "v1_associate_with_client" ("case_id");
CREATE INDEX IF NOT EXISTS "v1_associate_with_client_client_id_66936c6c" ON "v1_associate_with_client" ("client_id");
CREATE INDEX IF NOT EXISTS "v1_courttransfer_case_id_9e796a46" ON "v1_courttransfer" ("case_id");
CREATE INDEX IF NOT EXISTS "v1_bar_district_id_1ef5cf73" ON "v1_bar" ("district_id");
CREATE INDEX IF NOT EXISTS "v1_district_state_id_157dcff4" ON "v1_district" ("state_id");
CREATE INDEX IF NOT EXISTS "v1_court_court_type_id_465696d0" ON "v1_court" ("court_type_id");
CREATE INDEX IF NOT EXISTS "v1_court_district_id_37d5870d" ON "v1_court" ("district_id");
CREATE INDEX IF NOT EXISTS "v1_court_state_id_47074aa2" ON "v1_court" ("state_id");
CREATE INDEX IF NOT EXISTS "django_admin_log_content_type_id_c4bce8eb" ON "django_admin_log" ("content_type_id");
CREATE INDEX IF NOT EXISTS "django_admin_log_user_id_c564eba6" ON "django_admin_log" ("user_id");
CREATE INDEX IF NOT EXISTS "django_session_expire_date_a5c62663" ON "django_session" ("expire_date");
CREATE TABLE IF NOT EXISTS "v1_customuser_user_permissions" ("id" integer NOT NULL PRIMARY KEY AUTOINCREMENT, "customuser_id" bigint NOT NULL REFERENCES "v1_customuser" ("id") DEFERRABLE INITIALLY DEFERRED, "permission_id" integer NOT NULL REFERENCES "auth_permission" ("id") DEFERRABLE INITIALLY DEFERRED);
CREATE UNIQUE INDEX "django_content_type_app_label_model_76bd3d3b_uniq" ON "django_content_type" ("app_label", "model");
CREATE UNIQUE INDEX "auth_group_permissions_group_id_permission_id_0cd325b0_uniq" ON "auth_group_permissions" ("group_id", "permission_id");
CREATE INDEX IF NOT EXISTS "auth_group_permissions_group_id_b120cbf9" ON "auth_group_permissions" ("group_id");
CREATE INDEX IF NOT EXISTS "auth_group_permissions_permission_id_84c5c92e" ON "auth_group_permissions" ("permission_id");
CREATE UNIQUE INDEX "auth_permission_content_type_id_codename_01ab375a_uniq" ON "auth_permission" ("content_type_id", "codename");
CREATE INDEX IF NOT EXISTS "auth_permission_content_type_id_2f476e4b" ON "auth_permission" ("content_type_id");
CREATE INDEX IF NOT EXISTS "v1_customuser_user_district_id_95d0f4e5" ON "v1_customuser" ("user_district_id");
CREATE INDEX IF NOT EXISTS "v1_customuser_user_state_id_6f146892" ON "v1_customuser" ("user_state_id");
CREATE UNIQUE INDEX "v1_customuser_groups_customuser_id_group_id_8dacacb2_uniq" ON "v1_customuser_groups" ("customuser_id", "group_id");
CREATE INDEX IF NOT EXISTS "v1_customuser_groups_customuser_id_b2aad204" ON "v1_customuser_groups" ("customuser_id");
CREATE INDEX IF NOT EXISTS "v1_customuser_groups_group_id_a5d7ad54" ON "v1_customuser_groups" ("group_id");
CREATE UNIQUE INDEX "v1_customuser_user_permissions_customuser_id_permission_id_ea0f6ae4_uniq" ON "v1_customuser_user_permissions" ("customuser_id", "permission_id");
CREATE INDEX IF NOT EXISTS "v1_customuser_user_permissions_customuser_id_552a1fc1" ON "v1_customuser_user_permissions" ("customuser_id");
CREATE INDEX IF NOT EXISTS "v1_customuser_user_permissions_permission_id_20e4d19a" ON "v1_customuser_user_permissions" ("permission_id");
CREATE INDEX IF NOT EXISTS "v1_case_master_advocate_id_98cf365f" ON "v1_case_master" ("advocate_id");
CREATE INDEX IF NOT EXISTS "v1_case_master_stage_of_case_id_9e7f2ab6" ON "v1_case_master" ("stage_of_case_id");
CREATE INDEX IF NOT EXISTS "v1_case_master_case_type_id_57ad6e45" ON "v1_case_master" ("case_type_id");
CREATE INDEX IF NOT EXISTS "v1_casehistory_case_id_5027ab3c" ON "v1_casehistory" ("case_id");
CREATE INDEX IF NOT EXISTS "v1_clients_advocate_id_d8b260e3" ON "v1_clients" ("advocate_id");
CREATE INDEX IF NOT EXISTS "v1_associate_with_client_case_id_7de008c4" ON "v1_associate_with_client" ("case_id");
CREATE INDEX IF NOT EXISTS "v1_associate_with_client_client_id_66936c6c" ON "v1_associate_with_client" ("client_id");
CREATE INDEX IF NOT EXISTS "v1_courttransfer_case_id_9e796a46" ON "v1_courttransfer" ("case_id");
CREATE INDEX IF NOT EXISTS "v1_bar_district_id_1ef5cf73" ON "v1_bar" ("district_id");
CREATE INDEX IF NOT EXISTS "v1_district_state_id_157dcff4" ON "v1_district" ("state_id");
CREATE INDEX IF NOT EXISTS "v1_court_court_type_id_465696d0" ON "v1_court" ("court_type_id");
CREATE INDEX IF NOT EXISTS "v1_court_district_id_37d5870d" ON "v1_court" ("district_id");
CREATE INDEX IF NOT EXISTS "v1_court_state_id_47074aa2" ON "v1_court" ("state_id");
CREATE INDEX IF NOT EXISTS "django_admin_log_content_type_id_c4bce8eb" ON "django_admin_log" ("content_type_id");
CREATE INDEX IF NOT EXISTS "django_admin_log_user_id_c564eba6" ON "django_admin_log" ("user_id");
CREATE INDEX IF NOT EXISTS "django_session_expire_date_a5c62663" ON "django_session" ("expire_date");
CREATE TABLE IF NOT EXISTS "v1_district" ("id" integer NOT NULL PRIMARY KEY AUTOINCREMENT, "district" varchar(100) NULL, "state_id" bigint NOT NULL REFERENCES "v1_state" ("id") DEFERRABLE INITIALLY DEFERRED);
INSERT INTO "v1_district" VALUES(1,'Port Blair',1);
INSERT INTO "v1_district" VALUES(2,'Visakhapatnam',2);
INSERT INTO "v1_district" VALUES(3,'Vijayawada',2);
INSERT INTO "v1_district" VALUES(4,'Guntur',2);
INSERT INTO "v1_district" VALUES(5,'Nellore',2);
INSERT INTO "v1_district" VALUES(6,'Kurnool',2);
INSERT INTO "v1_district" VALUES(7,'Rajamahendravaram',2);
INSERT INTO "v1_district" VALUES(8,'Tirupati',2);
INSERT INTO "v1_district" VALUES(9,'Kadapa',2);
INSERT INTO "v1_district" VALUES(10,'Kakinada',2);
INSERT INTO "v1_district" VALUES(11,'Anantapur',2);
INSERT INTO "v1_district" VALUES(12,'Vizianagaram',2);
INSERT INTO "v1_district" VALUES(13,'Eluru',2);
INSERT INTO "v1_district" VALUES(14,'Ongole',2);
INSERT INTO "v1_district" VALUES(15,'Nandyal',2);
INSERT INTO "v1_district" VALUES(16,'Machilipatnam',2);
INSERT INTO "v1_district" VALUES(17,'Adoni',2);
INSERT INTO "v1_district" VALUES(18,'Tenali',2);
INSERT INTO "v1_district" VALUES(19,'Proddatur',2);
INSERT INTO "v1_district" VALUES(20,'Chittoor',2);
INSERT INTO "v1_district" VALUES(21,'Hindupur',2);
INSERT INTO "v1_district" VALUES(22,'Bhimavaram',2);
INSERT INTO "v1_district" VALUES(23,'Madanapalle',2);
INSERT INTO "v1_district" VALUES(24,'Guntakal',2);
INSERT INTO "v1_district" VALUES(25,'Srikakulam',2);
INSERT INTO "v1_district" VALUES(26,'Dharmavaram',2);
INSERT INTO "v1_district" VALUES(27,'Gudivada',2);
INSERT INTO "v1_district" VALUES(28,'Narasaraopet',2);
INSERT INTO "v1_district" VALUES(29,'Tadipatri',2);
INSERT INTO "v1_district" VALUES(30,'Tadepalligudem',2);
INSERT INTO "v1_district" VALUES(31,'Amaravati',2);
INSERT INTO "v1_district" VALUES(32,'Chilakaluripet',2);
INSERT INTO "v1_district" VALUES(33,'Itanagar',3);
INSERT INTO "v1_district" VALUES(34,'Dhuburi',4);
INSERT INTO "v1_district" VALUES(35,'Dibrugarh',4);
INSERT INTO "v1_district" VALUES(36,'Dispur',4);
INSERT INTO "v1_district" VALUES(37,'Guwahati',4);
INSERT INTO "v1_district" VALUES(38,'Jorhat',4);
INSERT INTO "v1_district" VALUES(39,'Nagaon',4);
INSERT INTO "v1_district" VALUES(40,'Sivasagar',4);
INSERT INTO "v1_district" VALUES(41,'Silchar',4);
INSERT INTO "v1_district" VALUES(42,'Tezpur',4);
INSERT INTO "v1_district" VALUES(43,'Tinsukia',4);
INSERT INTO "v1_district" VALUES(44,'Patna',5);
INSERT INTO "v1_district" VALUES(45,'Gaya',5);
INSERT INTO "v1_district" VALUES(46,'Bhagalpur',5);
INSERT INTO "v1_district" VALUES(47,'Muzaffarpur',5);
INSERT INTO "v1_district" VALUES(48,'Purnia',5);
INSERT INTO "v1_district" VALUES(49,'Darbhanga',5);
INSERT INTO "v1_district" VALUES(50,'Bihar Sharif',5);
INSERT INTO "v1_district" VALUES(51,'Arrah',5);
INSERT INTO "v1_district" VALUES(52,'Begusarai',5);
INSERT INTO "v1_district" VALUES(53,'Katihar',5);
INSERT INTO "v1_district" VALUES(54,'Munger',5);
INSERT INTO "v1_district" VALUES(55,'Chhapra',5);
INSERT INTO "v1_district" VALUES(56,'Bettiah',5);
INSERT INTO "v1_district" VALUES(57,'Saharsa',5);
INSERT INTO "v1_district" VALUES(58,'Hajipur',5);
INSERT INTO "v1_district" VALUES(59,'Sasaram',5);
INSERT INTO "v1_district" VALUES(60,'Dehri',5);
INSERT INTO "v1_district" VALUES(61,'Siwan',5);
INSERT INTO "v1_district" VALUES(62,'Motihari',5);
INSERT INTO "v1_district" VALUES(63,'Nawada',5);
INSERT INTO "v1_district" VALUES(64,'Bagaha',5);
INSERT INTO "v1_district" VALUES(65,'Buxar',5);
INSERT INTO "v1_district" VALUES(66,'Kishanganj',5);
INSERT INTO "v1_district" VALUES(67,'Sitamarhi',5);
INSERT INTO "v1_district" VALUES(68,'Jamalpur',5);
INSERT INTO "v1_district" VALUES(69,'Jehanabad',5);
INSERT INTO "v1_district" VALUES(70,'Aurangabad',5);
INSERT INTO "v1_district" VALUES(71,'Lakhisarai',5);
INSERT INTO "v1_district" VALUES(72,'Chandigarh',6);
INSERT INTO "v1_district" VALUES(73,'Raipur',7);
INSERT INTO "v1_district" VALUES(74,'Durg',7);
INSERT INTO "v1_district" VALUES(75,'Naya Raipur',7);
INSERT INTO "v1_district" VALUES(76,'Korba',7);
INSERT INTO "v1_district" VALUES(77,'Bilaspur',7);
INSERT INTO "v1_district" VALUES(78,'Rajnandgaon',7);
INSERT INTO "v1_district" VALUES(79,'Pakhanjore',7);
INSERT INTO "v1_district" VALUES(80,'Jagdalpur',7);
INSERT INTO "v1_district" VALUES(81,'Ambikapur',7);
INSERT INTO "v1_district" VALUES(82,'Chirmiri',7);
INSERT INTO "v1_district" VALUES(83,'Dhamtari',7);
INSERT INTO "v1_district" VALUES(84,'Raigarh',7);
INSERT INTO "v1_district" VALUES(85,'Mahasamund',7);
INSERT INTO "v1_district" VALUES(86,'Daman',8);
INSERT INTO "v1_district" VALUES(87,'Delhi',9);
INSERT INTO "v1_district" VALUES(88,'Silvassa',10);
INSERT INTO "v1_district" VALUES(89,'Panaji',11);
INSERT INTO "v1_district" VALUES(90,'Vasco',11);
INSERT INTO "v1_district" VALUES(91,'Mormugao',11);
INSERT INTO "v1_district" VALUES(92,'Margao',11);
INSERT INTO "v1_district" VALUES(93,'Ahmedabad',12);
INSERT INTO "v1_district" VALUES(94,'Surat',12);
INSERT INTO "v1_district" VALUES(95,'Vadodara',12);
INSERT INTO "v1_district" VALUES(96,'Rajkot',12);
INSERT INTO "v1_district" VALUES(97,'Bhavnagar',12);
INSERT INTO "v1_district" VALUES(98,'Jamnagar',12);
INSERT INTO "v1_district" VALUES(99,'Junagadh',12);
INSERT INTO "v1_district" VALUES(100,'Gandhidham',12);
INSERT INTO "v1_district" VALUES(101,'Nadiad',12);
INSERT INTO "v1_district" VALUES(102,'Gandhinagar',12);
INSERT INTO "v1_district" VALUES(103,'Anand',12);
INSERT INTO "v1_district" VALUES(104,'Morbi',12);
INSERT INTO "v1_district" VALUES(105,'Khambhat',12);
INSERT INTO "v1_district" VALUES(106,'Surendranagar',12);
INSERT INTO "v1_district" VALUES(107,'Bharuch',12);
INSERT INTO "v1_district" VALUES(108,'Vapi',12);
INSERT INTO "v1_district" VALUES(109,'Navsari',12);
INSERT INTO "v1_district" VALUES(110,'Veraval',12);
INSERT INTO "v1_district" VALUES(111,'Porbandar',12);
INSERT INTO "v1_district" VALUES(112,'Godhra',12);
INSERT INTO "v1_district" VALUES(113,'Bhuj',12);
INSERT INTO "v1_district" VALUES(114,'Ankleshwar',12);
INSERT INTO "v1_district" VALUES(115,'Botad',12);
INSERT INTO "v1_district" VALUES(116,'Patan',12);
INSERT INTO "v1_district" VALUES(117,'Palanpur',12);
INSERT INTO "v1_district" VALUES(118,'Dahod',12);
INSERT INTO "v1_district" VALUES(119,'Jetpur',12);
INSERT INTO "v1_district" VALUES(120,'Valsad',12);
INSERT INTO "v1_district" VALUES(121,'Kalol',12);
INSERT INTO "v1_district" VALUES(122,'Gondal',12);
INSERT INTO "v1_district" VALUES(123,'Deesa',12);
INSERT INTO "v1_district" VALUES(124,'Amreli',12);
INSERT INTO "v1_district" VALUES(125,'Amreli',12);
INSERT INTO "v1_district" VALUES(126,'Mahuva',12);
INSERT INTO "v1_district" VALUES(127,'Mehsana',12);
INSERT INTO "v1_district" VALUES(128,'Shimla',13);
INSERT INTO "v1_district" VALUES(129,'Faridabad',14);
INSERT INTO "v1_district" VALUES(130,'Gurgaon',14);
INSERT INTO "v1_district" VALUES(131,'Panipat',14);
INSERT INTO "v1_district" VALUES(132,'Ambala',14);
INSERT INTO "v1_district" VALUES(133,'Yamunanagar',14);
INSERT INTO "v1_district" VALUES(134,'Rohtak',14);
INSERT INTO "v1_district" VALUES(135,'Hisar',14);
INSERT INTO "v1_district" VALUES(136,'Karnal',14);
INSERT INTO "v1_district" VALUES(137,'Sonipat',14);
INSERT INTO "v1_district" VALUES(138,'Panchkula',14);
INSERT INTO "v1_district" VALUES(139,'Bhiwani',14);
INSERT INTO "v1_district" VALUES(140,'Sirsa',14);
INSERT INTO "v1_district" VALUES(141,'Bahadurgarh',14);
INSERT INTO "v1_district" VALUES(142,'Jind',14);
INSERT INTO "v1_district" VALUES(143,'Thanesar',14);
INSERT INTO "v1_district" VALUES(144,'Kaithal',14);
INSERT INTO "v1_district" VALUES(145,'Rewari',14);
INSERT INTO "v1_district" VALUES(146,'Palwal',14);
INSERT INTO "v1_district" VALUES(147,'Jamshedpur',15);
INSERT INTO "v1_district" VALUES(148,'Dhanbad',15);
INSERT INTO "v1_district" VALUES(149,'Ranchi',15);
INSERT INTO "v1_district" VALUES(150,'Bokaro Steel City',15);
INSERT INTO "v1_district" VALUES(151,'Deoghar',15);
INSERT INTO "v1_district" VALUES(152,'Phusro',15);
INSERT INTO "v1_district" VALUES(153,'Hazaribagh',15);
INSERT INTO "v1_district" VALUES(154,'Giridih',15);
INSERT INTO "v1_district" VALUES(155,'Ramgarh',15);
INSERT INTO "v1_district" VALUES(156,'Medininagar',15);
INSERT INTO "v1_district" VALUES(157,'Chirkunda',15);
INSERT INTO "v1_district" VALUES(158,'Jhumri Telaiya',15);
INSERT INTO "v1_district" VALUES(159,'Sahibganj',15);
INSERT INTO "v1_district" VALUES(160,'Srinagar',16);
INSERT INTO "v1_district" VALUES(161,'Jammu',16);
INSERT INTO "v1_district" VALUES(162,'Anantnag',16);
INSERT INTO "v1_district" VALUES(163,'Bengaluru',17);
INSERT INTO "v1_district" VALUES(164,'Hubli',17);
INSERT INTO "v1_district" VALUES(165,'Mysore',17);
INSERT INTO "v1_district" VALUES(166,'Gulbarga',17);
INSERT INTO "v1_district" VALUES(167,'Mangalore',17);
INSERT INTO "v1_district" VALUES(168,'Belgaum',17);
INSERT INTO "v1_district" VALUES(169,'Davangere',17);
INSERT INTO "v1_district" VALUES(170,'Bellary',17);
INSERT INTO "v1_district" VALUES(171,'Bijapur',17);
INSERT INTO "v1_district" VALUES(172,'Shimoga',17);
INSERT INTO "v1_district" VALUES(173,'Tumkur',17);
INSERT INTO "v1_district" VALUES(174,'Raichur',17);
INSERT INTO "v1_district" VALUES(175,'Bidar',17);
INSERT INTO "v1_district" VALUES(176,'Hospet',17);
INSERT INTO "v1_district" VALUES(177,'Hassan',17);
INSERT INTO "v1_district" VALUES(178,'Gadag',17);
INSERT INTO "v1_district" VALUES(179,'Udupi',17);
INSERT INTO "v1_district" VALUES(180,'Robertsonpet',17);
INSERT INTO "v1_district" VALUES(181,'Bhadravati',17);
INSERT INTO "v1_district" VALUES(182,'Chitradurga',17);
INSERT INTO "v1_district" VALUES(183,'Harihar',17);
INSERT INTO "v1_district" VALUES(184,'Kolar',17);
INSERT INTO "v1_district" VALUES(185,'Mandya',17);
INSERT INTO "v1_district" VALUES(186,'Chikkamagallooru',17);
INSERT INTO "v1_district" VALUES(187,'Chikmagalur',17);
INSERT INTO "v1_district" VALUES(188,'Gangawati',17);
INSERT INTO "v1_district" VALUES(189,'Ranebennuru',17);
INSERT INTO "v1_district" VALUES(190,'Ramanagara',17);
INSERT INTO "v1_district" VALUES(191,'Bagalkot',17);
INSERT INTO "v1_district" VALUES(192,'Thiruvananthapuram',18);
INSERT INTO "v1_district" VALUES(193,'Kochi',18);
INSERT INTO "v1_district" VALUES(194,'Calicut',18);
INSERT INTO "v1_district" VALUES(195,'Kollam',18);
INSERT INTO "v1_district" VALUES(196,'Thrissur',18);
INSERT INTO "v1_district" VALUES(197,'Kannur',18);
INSERT INTO "v1_district" VALUES(198,'Kasaragod',18);
INSERT INTO "v1_district" VALUES(199,'Alappuzha',18);
INSERT INTO "v1_district" VALUES(200,'Alappuzha',18);
INSERT INTO "v1_district" VALUES(201,'Palakkad',18);
INSERT INTO "v1_district" VALUES(202,'Kottayam',18);
INSERT INTO "v1_district" VALUES(203,'Kothamangalam',18);
INSERT INTO "v1_district" VALUES(204,'Malappuram',18);
INSERT INTO "v1_district" VALUES(205,'Manjeri',18);
INSERT INTO "v1_district" VALUES(206,'Thalassery',18);
INSERT INTO "v1_district" VALUES(207,'Ponnani',18);
INSERT INTO "v1_district" VALUES(208,'Kavaratti',19);
INSERT INTO "v1_district" VALUES(209,'Mumbai',20);
INSERT INTO "v1_district" VALUES(210,'Pune',20);
INSERT INTO "v1_district" VALUES(211,'Nagpur',20);
INSERT INTO "v1_district" VALUES(212,'Nashik',20);
INSERT INTO "v1_district" VALUES(213,'Pimpri-Chinchwad',20);
INSERT INTO "v1_district" VALUES(214,'Aurangabad',20);
INSERT INTO "v1_district" VALUES(215,'Solapur',20);
INSERT INTO "v1_district" VALUES(216,'Bhiwandi',20);
INSERT INTO "v1_district" VALUES(217,'Amravati',20);
INSERT INTO "v1_district" VALUES(218,'Nanded',20);
INSERT INTO "v1_district" VALUES(219,'Kolhapur',20);
INSERT INTO "v1_district" VALUES(220,'Sangli-Miraj-Kupwad',20);
INSERT INTO "v1_district" VALUES(221,'Jalgaon',20);
INSERT INTO "v1_district" VALUES(222,'Akola',20);
INSERT INTO "v1_district" VALUES(223,'Latur',20);
INSERT INTO "v1_district" VALUES(224,'Malegaon',20);
INSERT INTO "v1_district" VALUES(225,'Dhule',20);
INSERT INTO "v1_district" VALUES(226,'Ahmednagar',20);
INSERT INTO "v1_district" VALUES(227,'Nandurbar',20);
INSERT INTO "v1_district" VALUES(228,'Ichalkaranji',20);
INSERT INTO "v1_district" VALUES(229,'Chandrapur',20);
INSERT INTO "v1_district" VALUES(230,'Jalna',20);
INSERT INTO "v1_district" VALUES(231,'Parbhani',20);
INSERT INTO "v1_district" VALUES(232,'Bhusawal',20);
INSERT INTO "v1_district" VALUES(233,'Satara',20);
INSERT INTO "v1_district" VALUES(234,'Beed',20);
INSERT INTO "v1_district" VALUES(235,'Pandharpur',20);
INSERT INTO "v1_district" VALUES(236,'Yavatmal',20);
INSERT INTO "v1_district" VALUES(237,'Kamptee',20);
INSERT INTO "v1_district" VALUES(238,'Gondia',20);
INSERT INTO "v1_district" VALUES(239,'Achalpur',20);
INSERT INTO "v1_district" VALUES(240,'Osmanabad',20);
INSERT INTO "v1_district" VALUES(241,'Hinganghat',20);
INSERT INTO "v1_district" VALUES(242,'Wardha',20);
INSERT INTO "v1_district" VALUES(243,'Barshi',20);
INSERT INTO "v1_district" VALUES(244,'Chalisgaon',20);
INSERT INTO "v1_district" VALUES(245,'Amalner',20);
INSERT INTO "v1_district" VALUES(246,'Khamgaon',20);
INSERT INTO "v1_district" VALUES(247,'Akot',20);
INSERT INTO "v1_district" VALUES(248,'Udgir',20);
INSERT INTO "v1_district" VALUES(249,'Bhandara',20);
INSERT INTO "v1_district" VALUES(250,'Parli',20);
INSERT INTO "v1_district" VALUES(251,'Shillong',21);
INSERT INTO "v1_district" VALUES(252,'Imphal',22);
INSERT INTO "v1_district" VALUES(253,'Indore',23);
INSERT INTO "v1_district" VALUES(254,'Bhopal',23);
INSERT INTO "v1_district" VALUES(255,'Jabalpur',23);
INSERT INTO "v1_district" VALUES(256,'Gwalior',23);
INSERT INTO "v1_district" VALUES(257,'Ujjain',23);
INSERT INTO "v1_district" VALUES(258,'Sagar',23);
INSERT INTO "v1_district" VALUES(259,'Dewas',23);
INSERT INTO "v1_district" VALUES(260,'Satna',23);
INSERT INTO "v1_district" VALUES(261,'Ratlam',23);
INSERT INTO "v1_district" VALUES(262,'Rewa',23);
INSERT INTO "v1_district" VALUES(263,'Katni',23);
INSERT INTO "v1_district" VALUES(264,'Singrauli',23);
INSERT INTO "v1_district" VALUES(265,'Burhanpur',23);
INSERT INTO "v1_district" VALUES(266,'Khandwa',23);
INSERT INTO "v1_district" VALUES(267,'Morena',23);
INSERT INTO "v1_district" VALUES(268,'Bhind',23);
INSERT INTO "v1_district" VALUES(269,'Chhindwara',23);
INSERT INTO "v1_district" VALUES(270,'Guna',23);
INSERT INTO "v1_district" VALUES(271,'Shivpuri',23);
INSERT INTO "v1_district" VALUES(272,'Vidisha',23);
INSERT INTO "v1_district" VALUES(273,'Chhatarpur',23);
INSERT INTO "v1_district" VALUES(274,'Damoh',23);
INSERT INTO "v1_district" VALUES(275,'Mandsaur',23);
INSERT INTO "v1_district" VALUES(276,'Khargone',23);
INSERT INTO "v1_district" VALUES(277,'Neemuch',23);
INSERT INTO "v1_district" VALUES(278,'Pithampur',23);
INSERT INTO "v1_district" VALUES(279,'Hoshangabad',23);
INSERT INTO "v1_district" VALUES(280,'Itarsi',23);
INSERT INTO "v1_district" VALUES(281,'Sehore',23);
INSERT INTO "v1_district" VALUES(282,'Betul',23);
INSERT INTO "v1_district" VALUES(283,'Seoni',23);
INSERT INTO "v1_district" VALUES(284,'Datia',23);
INSERT INTO "v1_district" VALUES(285,'Nagda',23);
INSERT INTO "v1_district" VALUES(286,'Dhanpuri',23);
INSERT INTO "v1_district" VALUES(287,'Dhar',23);
INSERT INTO "v1_district" VALUES(288,'Balaghat',23);
INSERT INTO "v1_district" VALUES(289,'Aizawl',24);
INSERT INTO "v1_district" VALUES(290,'Dimapur',25);
INSERT INTO "v1_district" VALUES(291,'Kohima',25);
INSERT INTO "v1_district" VALUES(292,'Bhubaneswar',26);
INSERT INTO "v1_district" VALUES(293,'Cuttack',26);
INSERT INTO "v1_district" VALUES(294,'Rourkela',26);
INSERT INTO "v1_district" VALUES(295,'Berhampur',26);
INSERT INTO "v1_district" VALUES(296,'Sambalpur',26);
INSERT INTO "v1_district" VALUES(297,'Puri',26);
INSERT INTO "v1_district" VALUES(298,'Balasore',26);
INSERT INTO "v1_district" VALUES(299,'Bhadrak',26);
INSERT INTO "v1_district" VALUES(300,'Baripada',26);
INSERT INTO "v1_district" VALUES(301,'Balangir',26);
INSERT INTO "v1_district" VALUES(302,'Jharsuguda',26);
INSERT INTO "v1_district" VALUES(303,'Jeypore',26);
INSERT INTO "v1_district" VALUES(304,'Ludhiana',27);
INSERT INTO "v1_district" VALUES(305,'Amritsar',27);
INSERT INTO "v1_district" VALUES(306,'Jalandhar',27);
INSERT INTO "v1_district" VALUES(307,'Patiala',27);
INSERT INTO "v1_district" VALUES(308,'Bathinda',27);
INSERT INTO "v1_district" VALUES(309,'Hoshiarpur',27);
INSERT INTO "v1_district" VALUES(310,'Batala',27);
INSERT INTO "v1_district" VALUES(311,'Mohali',27);
INSERT INTO "v1_district" VALUES(312,'Abohar',27);
INSERT INTO "v1_district" VALUES(313,'Pathankot',27);
INSERT INTO "v1_district" VALUES(314,'Moga',27);
INSERT INTO "v1_district" VALUES(315,'Malerkotla',27);
INSERT INTO "v1_district" VALUES(316,'Khanna',27);
INSERT INTO "v1_district" VALUES(317,'Muktasar',27);
INSERT INTO "v1_district" VALUES(318,'Barnala',27);
INSERT INTO "v1_district" VALUES(319,'Firozpur',27);
INSERT INTO "v1_district" VALUES(320,'Kapurthala',27);
INSERT INTO "v1_district" VALUES(321,'Phagwara',27);
INSERT INTO "v1_district" VALUES(322,'Zirakpur',27);
INSERT INTO "v1_district" VALUES(323,'Rajpura',27);
INSERT INTO "v1_district" VALUES(324,'Pondicherry',28);
INSERT INTO "v1_district" VALUES(325,'Ozhukarai',28);
INSERT INTO "v1_district" VALUES(326,'Karaikal',28);
INSERT INTO "v1_district" VALUES(327,'Jaipur',29);
INSERT INTO "v1_district" VALUES(328,'Jodhpur',29);
INSERT INTO "v1_district" VALUES(329,'Kota',29);
INSERT INTO "v1_district" VALUES(330,'Bikaner',29);
INSERT INTO "v1_district" VALUES(331,'Ajmer',29);
INSERT INTO "v1_district" VALUES(332,'Udaipur',29);
INSERT INTO "v1_district" VALUES(333,'Bhilwara',29);
INSERT INTO "v1_district" VALUES(334,'Alwar',29);
INSERT INTO "v1_district" VALUES(335,'Bharatpur',29);
INSERT INTO "v1_district" VALUES(336,'Sri Ganganagar',29);
INSERT INTO "v1_district" VALUES(337,'Sikar',29);
INSERT INTO "v1_district" VALUES(338,'Pali',29);
INSERT INTO "v1_district" VALUES(339,'Barmer',29);
INSERT INTO "v1_district" VALUES(340,'Tonk',29);
INSERT INTO "v1_district" VALUES(341,'Kishangarh',29);
INSERT INTO "v1_district" VALUES(342,'Chittorgarh',29);
INSERT INTO "v1_district" VALUES(343,'Beawar',29);
INSERT INTO "v1_district" VALUES(344,'Hanumangarh',29);
INSERT INTO "v1_district" VALUES(345,'Dholpur',29);
INSERT INTO "v1_district" VALUES(346,'Gangapur',29);
INSERT INTO "v1_district" VALUES(347,'Sawai Madhopur',29);
INSERT INTO "v1_district" VALUES(348,'Churu',29);
INSERT INTO "v1_district" VALUES(349,'Baran',29);
INSERT INTO "v1_district" VALUES(350,'Makrana',29);
INSERT INTO "v1_district" VALUES(351,'Nagaur',29);
INSERT INTO "v1_district" VALUES(352,'Hindaun',29);
INSERT INTO "v1_district" VALUES(353,'Bhiwadi',29);
INSERT INTO "v1_district" VALUES(354,'Bundi',29);
INSERT INTO "v1_district" VALUES(355,'Sujangarh',29);
INSERT INTO "v1_district" VALUES(356,'Jhunjhunu',29);
INSERT INTO "v1_district" VALUES(357,'Banswara',29);
INSERT INTO "v1_district" VALUES(358,'Sardarshahar',29);
INSERT INTO "v1_district" VALUES(359,'Fatehpur',29);
INSERT INTO "v1_district" VALUES(360,'Dausa',29);
INSERT INTO "v1_district" VALUES(361,'Karauli',29);
INSERT INTO "v1_district" VALUES(362,'Gangtok',30);
INSERT INTO "v1_district" VALUES(363,'Hyderabad',31);
INSERT INTO "v1_district" VALUES(364,'Warangal',31);
INSERT INTO "v1_district" VALUES(365,'Nizamabad',31);
INSERT INTO "v1_district" VALUES(366,'Karimnagar',31);
INSERT INTO "v1_district" VALUES(367,'Ramagundam',31);
INSERT INTO "v1_district" VALUES(368,'Khammam',31);
INSERT INTO "v1_district" VALUES(369,'Mahbubnagar',31);
INSERT INTO "v1_district" VALUES(370,'Nalgonda',31);
INSERT INTO "v1_district" VALUES(371,'Adilabad',31);
INSERT INTO "v1_district" VALUES(372,'Siddipet',31);
INSERT INTO "v1_district" VALUES(373,'Suryapet',31);
INSERT INTO "v1_district" VALUES(374,'Miryalaguda',31);
INSERT INTO "v1_district" VALUES(375,'Jagtial',31);
INSERT INTO "v1_district" VALUES(376,'Mancherial',31);
INSERT INTO "v1_district" VALUES(377,'Kothagudem',31);
INSERT INTO "v1_district" VALUES(378,'Chennai',32);
INSERT INTO "v1_district" VALUES(379,'Coimbatore',32);
INSERT INTO "v1_district" VALUES(380,'Madurai',32);
INSERT INTO "v1_district" VALUES(381,'Tiruchirappalli',32);
INSERT INTO "v1_district" VALUES(382,'Tirupur',32);
INSERT INTO "v1_district" VALUES(383,'Salem',32);
INSERT INTO "v1_district" VALUES(384,'Erode',32);
INSERT INTO "v1_district" VALUES(385,'Tirunelveli',32);
INSERT INTO "v1_district" VALUES(386,'Vellore',32);
INSERT INTO "v1_district" VALUES(387,'Tuticorin',32);
INSERT INTO "v1_district" VALUES(388,'Gudiyatham',32);
INSERT INTO "v1_district" VALUES(389,'Nagercoil',32);
INSERT INTO "v1_district" VALUES(390,'Thanjavur',32);
INSERT INTO "v1_district" VALUES(391,'Dindigul',32);
INSERT INTO "v1_district" VALUES(392,'Vaniyambadi',32);
INSERT INTO "v1_district" VALUES(393,'Cuddalore',32);
INSERT INTO "v1_district" VALUES(394,'Komarapalayam',32);
INSERT INTO "v1_district" VALUES(395,'Kanchipuram',32);
INSERT INTO "v1_district" VALUES(396,'Ambur',32);
INSERT INTO "v1_district" VALUES(397,'Tiruvannamalai',32);
INSERT INTO "v1_district" VALUES(398,'Pudukkottai',32);
INSERT INTO "v1_district" VALUES(399,'Kumbakonam',32);
INSERT INTO "v1_district" VALUES(400,'Rajapalayam',32);
INSERT INTO "v1_district" VALUES(401,'Hosur',32);
INSERT INTO "v1_district" VALUES(402,'Karaikudi',32);
INSERT INTO "v1_district" VALUES(403,'Neyveli',32);
INSERT INTO "v1_district" VALUES(404,'Nagapattinam',32);
INSERT INTO "v1_district" VALUES(405,'Viluppuram',32);
INSERT INTO "v1_district" VALUES(406,'Paramakudi',32);
INSERT INTO "v1_district" VALUES(407,'Tiruchengode',32);
INSERT INTO "v1_district" VALUES(408,'Kovilpatti',32);
INSERT INTO "v1_district" VALUES(409,'Theni-Allinagaram',32);
INSERT INTO "v1_district" VALUES(410,'Kadayanallur',32);
INSERT INTO "v1_district" VALUES(411,'Pollachi',32);
INSERT INTO "v1_district" VALUES(412,'Ooty',32);
INSERT INTO "v1_district" VALUES(413,'Agartala',33);
INSERT INTO "v1_district" VALUES(414,'Kanpur',34);
INSERT INTO "v1_district" VALUES(415,'Lucknow',34);
INSERT INTO "v1_district" VALUES(416,'Ghaziabad',34);
INSERT INTO "v1_district" VALUES(417,'Agra',34);
INSERT INTO "v1_district" VALUES(418,'Varanasi',34);
INSERT INTO "v1_district" VALUES(419,'Meerut',34);
INSERT INTO "v1_district" VALUES(420,'Allahabad',34);
INSERT INTO "v1_district" VALUES(421,'Bareilly',34);
INSERT INTO "v1_district" VALUES(422,'Aligarh',34);
INSERT INTO "v1_district" VALUES(423,'Moradabad',34);
INSERT INTO "v1_district" VALUES(424,'Saharanpur',34);
INSERT INTO "v1_district" VALUES(425,'Gorakhpur',34);
INSERT INTO "v1_district" VALUES(426,'Faizabad',34);
INSERT INTO "v1_district" VALUES(427,'Firozabad',34);
INSERT INTO "v1_district" VALUES(428,'Jhansi',34);
INSERT INTO "v1_district" VALUES(429,'Muzaffarnagar',34);
INSERT INTO "v1_district" VALUES(430,'Mathura',34);
INSERT INTO "v1_district" VALUES(431,'Budaun',34);
INSERT INTO "v1_district" VALUES(432,'Rampur',34);
INSERT INTO "v1_district" VALUES(433,'Shahjahanpur',34);
INSERT INTO "v1_district" VALUES(434,'Farrukhabad',34);
INSERT INTO "v1_district" VALUES(435,'Mau',34);
INSERT INTO "v1_district" VALUES(436,'Hapur',34);
INSERT INTO "v1_district" VALUES(437,'Noida',34);
INSERT INTO "v1_district" VALUES(438,'Etawah',34);
INSERT INTO "v1_district" VALUES(439,'Mirzapur',34);
INSERT INTO "v1_district" VALUES(440,'Bulandshahr',34);
INSERT INTO "v1_district" VALUES(441,'Sambhal',34);
INSERT INTO "v1_district" VALUES(442,'Amroha',34);
INSERT INTO "v1_district" VALUES(443,'Hardoi',34);
INSERT INTO "v1_district" VALUES(444,'Fatehpur',34);
INSERT INTO "v1_district" VALUES(445,'Raebareli',34);
INSERT INTO "v1_district" VALUES(446,'Orai',34);
INSERT INTO "v1_district" VALUES(447,'Sitapur',34);
INSERT INTO "v1_district" VALUES(448,'Bahraich',34);
INSERT INTO "v1_district" VALUES(449,'Modinagar',34);
INSERT INTO "v1_district" VALUES(450,'Unnao',34);
INSERT INTO "v1_district" VALUES(451,'Jaunpur',34);
INSERT INTO "v1_district" VALUES(452,'Lakhimpur',34);
INSERT INTO "v1_district" VALUES(453,'Hathras',34);
INSERT INTO "v1_district" VALUES(454,'Banda',34);
INSERT INTO "v1_district" VALUES(455,'Pilibhit',34);
INSERT INTO "v1_district" VALUES(456,'Barabanki',34);
INSERT INTO "v1_district" VALUES(457,'Mughalsarai',34);
INSERT INTO "v1_district" VALUES(458,'Khurja',34);
INSERT INTO "v1_district" VALUES(459,'Gonda',34);
INSERT INTO "v1_district" VALUES(460,'Mainpuri',34);
INSERT INTO "v1_district" VALUES(461,'Lalitpur',34);
INSERT INTO "v1_district" VALUES(462,'Etah',34);
INSERT INTO "v1_district" VALUES(463,'Deoria',34);
INSERT INTO "v1_district" VALUES(464,'Ujhani',34);
INSERT INTO "v1_district" VALUES(465,'Ghazipur',34);
INSERT INTO "v1_district" VALUES(466,'Sultanpur',34);
INSERT INTO "v1_district" VALUES(467,'Azamgarh',34);
INSERT INTO "v1_district" VALUES(468,'Bijnor',34);
INSERT INTO "v1_district" VALUES(469,'Sahaswan',34);
INSERT INTO "v1_district" VALUES(470,'Basti',34);
INSERT INTO "v1_district" VALUES(471,'Chandausi',34);
INSERT INTO "v1_district" VALUES(472,'Akbarpur',34);
INSERT INTO "v1_district" VALUES(473,'Ballia',34);
INSERT INTO "v1_district" VALUES(474,'Mubarakpur',34);
INSERT INTO "v1_district" VALUES(475,'Tanda',34);
INSERT INTO "v1_district" VALUES(476,'Greater Noida',34);
INSERT INTO "v1_district" VALUES(477,'Shikohabad',34);
INSERT INTO "v1_district" VALUES(478,'Shamli',34);
INSERT INTO "v1_district" VALUES(479,'Baraut',34);
INSERT INTO "v1_district" VALUES(480,'Khair',34);
INSERT INTO "v1_district" VALUES(481,'Kasganj',34);
INSERT INTO "v1_district" VALUES(482,'Auraiya',34);
INSERT INTO "v1_district" VALUES(483,'Khatauli',34);
INSERT INTO "v1_district" VALUES(484,'Deoband',34);
INSERT INTO "v1_district" VALUES(485,'Nagina',34);
INSERT INTO "v1_district" VALUES(486,'Mahoba',34);
INSERT INTO "v1_district" VALUES(487,'Muradnagar',34);
INSERT INTO "v1_district" VALUES(488,'Bhadohi',34);
INSERT INTO "v1_district" VALUES(489,'Dadri',34);
INSERT INTO "v1_district" VALUES(490,'Pratapgarh',34);
INSERT INTO "v1_district" VALUES(491,'Najibabad',34);
INSERT INTO "v1_district" VALUES(492,'Dehradun',35);
INSERT INTO "v1_district" VALUES(493,'Haridwar',35);
INSERT INTO "v1_district" VALUES(494,'Roorkee',35);
INSERT INTO "v1_district" VALUES(495,'Haldwani',35);
INSERT INTO "v1_district" VALUES(496,'Rudrapur',35);
INSERT INTO "v1_district" VALUES(497,'Kashipur',35);
INSERT INTO "v1_district" VALUES(498,'Rishikesh',35);
INSERT INTO "v1_district" VALUES(499,'Kolkata',36);
INSERT INTO "v1_district" VALUES(500,'Asansol',36);
INSERT INTO "v1_district" VALUES(501,'Siliguri',36);
INSERT INTO "v1_district" VALUES(502,'Durgapur',36);
INSERT INTO "v1_district" VALUES(503,'Bardhaman',36);
INSERT INTO "v1_district" VALUES(504,'Malda',36);
INSERT INTO "v1_district" VALUES(505,'Baharampur',36);
INSERT INTO "v1_district" VALUES(506,'Habra',36);
INSERT INTO "v1_district" VALUES(507,'Jalpaiguri',36);
INSERT INTO "v1_district" VALUES(508,'Kharagpur',36);
INSERT INTO "v1_district" VALUES(509,'Shantipur',36);
INSERT INTO "v1_district" VALUES(510,'Dankuni',36);
INSERT INTO "v1_district" VALUES(511,'Dhulian',36);
INSERT INTO "v1_district" VALUES(512,'Ranaghat',36);
INSERT INTO "v1_district" VALUES(513,'Haldia',36);
INSERT INTO "v1_district" VALUES(514,'Raiganj',36);
INSERT INTO "v1_district" VALUES(515,'Krishnanagar',36);
INSERT INTO "v1_district" VALUES(516,'Nabadwip',36);
INSERT INTO "v1_district" VALUES(517,'Midnapore',36);
INSERT INTO "v1_district" VALUES(518,'Balurghat',36);
INSERT INTO "v1_district" VALUES(519,'Basirhat',36);
INSERT INTO "v1_district" VALUES(520,'Bankura',36);
INSERT INTO "v1_district" VALUES(521,'Chakdaha',36);
INSERT INTO "v1_district" VALUES(522,'Darjeeling',36);
INSERT INTO "v1_district" VALUES(523,'Alipurduar',36);
INSERT INTO "v1_district" VALUES(524,'Purulia',36);
INSERT INTO "v1_district" VALUES(525,'Jangipur',36);
INSERT INTO "v1_district" VALUES(526,'Bangaon',36);
INSERT INTO "v1_district" VALUES(527,'Cooch Behar',36);
INSERT INTO "v1_district" VALUES(528,'Bolpur',36);
INSERT INTO "v1_district" VALUES(529,'Kanthi',36);
CREATE UNIQUE INDEX "django_content_type_app_label_model_76bd3d3b_uniq" ON "django_content_type" ("app_label", "model");
CREATE UNIQUE INDEX "auth_group_permissions_group_id_permission_id_0cd325b0_uniq" ON "auth_group_permissions" ("group_id", "permission_id");
CREATE INDEX IF NOT EXISTS "auth_group_permissions_group_id_b120cbf9" ON "auth_group_permissions" ("group_id");
CREATE INDEX IF NOT EXISTS "auth_group_permissions_permission_id_84c5c92e" ON "auth_group_permissions" ("permission_id");
CREATE UNIQUE INDEX "auth_permission_content_type_id_codename_01ab375a_uniq" ON "auth_permission" ("content_type_id", "codename");
CREATE INDEX IF NOT EXISTS "auth_permission_content_type_id_2f476e4b" ON "auth_permission" ("content_type_id");
CREATE INDEX IF NOT EXISTS "v1_customuser_user_district_id_95d0f4e5" ON "v1_customuser" ("user_district_id");
CREATE INDEX IF NOT EXISTS "v1_customuser_user_state_id_6f146892" ON "v1_customuser" ("user_state_id");
CREATE UNIQUE INDEX "v1_customuser_groups_customuser_id_group_id_8dacacb2_uniq" ON "v1_customuser_groups" ("customuser_id", "group_id");
CREATE INDEX IF NOT EXISTS "v1_customuser_groups_customuser_id_b2aad204" ON "v1_customuser_groups" ("customuser_id");
CREATE INDEX IF NOT EXISTS "v1_customuser_groups_group_id_a5d7ad54" ON "v1_customuser_groups" ("group_id");
CREATE UNIQUE INDEX "v1_customuser_user_permissions_customuser_id_permission_id_ea0f6ae4_uniq" ON "v1_customuser_user_permissions" ("customuser_id", "permission_id");
CREATE INDEX IF NOT EXISTS "v1_customuser_user_permissions_customuser_id_552a1fc1" ON "v1_customuser_user_permissions" ("customuser_id");
CREATE INDEX IF NOT EXISTS "v1_customuser_user_permissions_permission_id_20e4d19a" ON "v1_customuser_user_permissions" ("permission_id");
CREATE INDEX IF NOT EXISTS "v1_case_master_advocate_id_98cf365f" ON "v1_case_master" ("advocate_id");
CREATE INDEX IF NOT EXISTS "v1_case_master_stage_of_case_id_9e7f2ab6" ON "v1_case_master" ("stage_of_case_id");
CREATE INDEX IF NOT EXISTS "v1_case_master_case_type_id_57ad6e45" ON "v1_case_master" ("case_type_id");
CREATE INDEX IF NOT EXISTS "v1_casehistory_case_id_5027ab3c" ON "v1_casehistory" ("case_id");
CREATE INDEX IF NOT EXISTS "v1_clients_advocate_id_d8b260e3" ON "v1_clients" ("advocate_id");
CREATE INDEX IF NOT EXISTS "v1_associate_with_client_case_id_7de008c4" ON "v1_associate_with_client" ("case_id");
CREATE INDEX IF NOT EXISTS "v1_associate_with_client_client_id_66936c6c" ON "v1_associate_with_client" ("client_id");
CREATE INDEX IF NOT EXISTS "v1_courttransfer_case_id_9e796a46" ON "v1_courttransfer" ("case_id");
CREATE INDEX IF NOT EXISTS "v1_bar_district_id_1ef5cf73" ON "v1_bar" ("district_id");
CREATE INDEX IF NOT EXISTS "v1_district_state_id_157dcff4" ON "v1_district" ("state_id");
CREATE INDEX IF NOT EXISTS "v1_court_court_type_id_465696d0" ON "v1_court" ("court_type_id");
CREATE INDEX IF NOT EXISTS "v1_court_district_id_37d5870d" ON "v1_court" ("district_id");
CREATE INDEX IF NOT EXISTS "v1_court_state_id_47074aa2" ON "v1_court" ("state_id");
CREATE INDEX IF NOT EXISTS "django_admin_log_content_type_id_c4bce8eb" ON "django_admin_log" ("content_type_id");
CREATE INDEX IF NOT EXISTS "django_admin_log_user_id_c564eba6" ON "django_admin_log" ("user_id");
CREATE INDEX IF NOT EXISTS "django_session_expire_date_a5c62663" ON "django_session" ("expire_date");
CREATE TABLE IF NOT EXISTS "v1_state" ("id" integer NOT NULL PRIMARY KEY AUTOINCREMENT, "state" varchar(100) NULL);
INSERT INTO "v1_state" VALUES(1,'Andaman and Nicobar Islands');
INSERT INTO "v1_state" VALUES(2,'Andhra Pradesh');
INSERT INTO "v1_state" VALUES(3,'Arunachal Pradesh');
INSERT INTO "v1_state" VALUES(4,'Assam');
INSERT INTO "v1_state" VALUES(5,'Bihar');
INSERT INTO "v1_state" VALUES(6,'Chandigarh');
INSERT INTO "v1_state" VALUES(7,'Chhattisgarh');
INSERT INTO "v1_state" VALUES(8,'Daman and Diu');
INSERT INTO "v1_state" VALUES(9,'Delhi');
INSERT INTO "v1_state" VALUES(10,'Dadra and Nagar Haveli');
INSERT INTO "v1_state" VALUES(11,'Goa');
INSERT INTO "v1_state" VALUES(12,'Gujarat');
INSERT INTO "v1_state" VALUES(13,'Himachal Pradesh');
INSERT INTO "v1_state" VALUES(14,'Haryana');
INSERT INTO "v1_state" VALUES(15,'Jharkhand');
INSERT INTO "v1_state" VALUES(16,'Jammu and Kashmir');
INSERT INTO "v1_state" VALUES(17,'Karnataka');
INSERT INTO "v1_state" VALUES(18,'Kerala');
INSERT INTO "v1_state" VALUES(19,'Lakshadweep');
INSERT INTO "v1_state" VALUES(20,'Maharashtra');
INSERT INTO "v1_state" VALUES(21,'Meghalaya');
INSERT INTO "v1_state" VALUES(22,'Manipur');
INSERT INTO "v1_state" VALUES(23,'Madhya Pradesh');
INSERT INTO "v1_state" VALUES(24,'Mizoram');
INSERT INTO "v1_state" VALUES(25,'Nagaland');
INSERT INTO "v1_state" VALUES(26,'Odisha');
INSERT INTO "v1_state" VALUES(27,'Punjab');
INSERT INTO "v1_state" VALUES(28,'Puducherry');
INSERT INTO "v1_state" VALUES(29,'Rajasthan');
INSERT INTO "v1_state" VALUES(30,'Sikkim');
INSERT INTO "v1_state" VALUES(31,'Telangana');
INSERT INTO "v1_state" VALUES(32,'Tamil Nadu');
INSERT INTO "v1_state" VALUES(33,'Tripura');
INSERT INTO "v1_state" VALUES(34,'Uttar Pradesh');
INSERT INTO "v1_state" VALUES(35,'Uttarakhand');
INSERT INTO "v1_state" VALUES(36,'West Bengal');
CREATE UNIQUE INDEX "django_content_type_app_label_model_76bd3d3b_uniq" ON "django_content_type" ("app_label", "model");
CREATE UNIQUE INDEX "auth_group_permissions_group_id_permission_id_0cd325b0_uniq" ON "auth_group_permissions" ("group_id", "permission_id");
CREATE INDEX IF NOT EXISTS "auth_group_permissions_group_id_b120cbf9" ON "auth_group_permissions" ("group_id");
CREATE INDEX IF NOT EXISTS "auth_group_permissions_permission_id_84c5c92e" ON "auth_group_permissions" ("permission_id");
CREATE UNIQUE INDEX "auth_permission_content_type_id_codename_01ab375a_uniq" ON "auth_permission" ("content_type_id", "codename");
CREATE INDEX IF NOT EXISTS "auth_permission_content_type_id_2f476e4b" ON "auth_permission" ("content_type_id");
CREATE INDEX IF NOT EXISTS "v1_customuser_user_district_id_95d0f4e5" ON "v1_customuser" ("user_district_id");
CREATE INDEX IF NOT EXISTS "v1_customuser_user_state_id_6f146892" ON "v1_customuser" ("user_state_id");
CREATE UNIQUE INDEX "v1_customuser_groups_customuser_id_group_id_8dacacb2_uniq" ON "v1_customuser_groups" ("customuser_id", "group_id");
CREATE INDEX IF NOT EXISTS "v1_customuser_groups_customuser_id_b2aad204" ON "v1_customuser_groups" ("customuser_id");
CREATE INDEX IF NOT EXISTS "v1_customuser_groups_group_id_a5d7ad54" ON "v1_customuser_groups" ("group_id");
CREATE UNIQUE INDEX "v1_customuser_user_permissions_customuser_id_permission_id_ea0f6ae4_uniq" ON "v1_customuser_user_permissions" ("customuser_id", "permission_id");
CREATE INDEX IF NOT EXISTS "v1_customuser_user_permissions_customuser_id_552a1fc1" ON "v1_customuser_user_permissions" ("customuser_id");
CREATE INDEX IF NOT EXISTS "v1_customuser_user_permissions_permission_id_20e4d19a" ON "v1_customuser_user_permissions" ("permission_id");
CREATE INDEX IF NOT EXISTS "v1_case_master_advocate_id_98cf365f" ON "v1_case_master" ("advocate_id");
CREATE INDEX IF NOT EXISTS "v1_case_master_stage_of_case_id_9e7f2ab6" ON "v1_case_master" ("stage_of_case_id");
CREATE INDEX IF NOT EXISTS "v1_case_master_case_type_id_57ad6e45" ON "v1_case_master" ("case_type_id");
CREATE INDEX IF NOT EXISTS "v1_casehistory_case_id_5027ab3c" ON "v1_casehistory" ("case_id");
CREATE INDEX IF NOT EXISTS "v1_clients_advocate_id_d8b260e3" ON "v1_clients" ("advocate_id");
CREATE INDEX IF NOT EXISTS "v1_associate_with_client_case_id_7de008c4" ON "v1_associate_with_client" ("case_id");
CREATE INDEX IF NOT EXISTS "v1_associate_with_client_client_id_66936c6c" ON "v1_associate_with_client" ("client_id");
CREATE INDEX IF NOT EXISTS "v1_courttransfer_case_id_9e796a46" ON "v1_courttransfer" ("case_id");
CREATE INDEX IF NOT EXISTS "v1_bar_district_id_1ef5cf73" ON "v1_bar" ("district_id");
CREATE INDEX IF NOT EXISTS "v1_district_state_id_157dcff4" ON "v1_district" ("state_id");
CREATE INDEX IF NOT EXISTS "v1_court_court_type_id_465696d0" ON "v1_court" ("court_type_id");
CREATE INDEX IF NOT EXISTS "v1_court_district_id_37d5870d" ON "v1_court" ("district_id");
CREATE INDEX IF NOT EXISTS "v1_court_state_id_47074aa2" ON "v1_court" ("state_id");
CREATE INDEX IF NOT EXISTS "django_admin_log_content_type_id_c4bce8eb" ON "django_admin_log" ("content_type_id");
CREATE INDEX IF NOT EXISTS "django_admin_log_user_id_c564eba6" ON "django_admin_log" ("user_id");
CREATE INDEX IF NOT EXISTS "django_session_expire_date_a5c62663" ON "django_session" ("expire_date");
CREATE TABLE IF NOT EXISTS "v1_user_id" ("id" integer NOT NULL PRIMARY KEY AUTOINCREMENT, "uid" char(32) NOT NULL UNIQUE, "created_at" datetime NOT NULL, "updated_at" datetime NOT NULL, "is_deleted" bool NOT NULL, "user_id" varchar(10) NOT NULL UNIQUE);
CREATE UNIQUE INDEX "django_content_type_app_label_model_76bd3d3b_uniq" ON "django_content_type" ("app_label", "model");
CREATE UNIQUE INDEX "auth_group_permissions_group_id_permission_id_0cd325b0_uniq" ON "auth_group_permissions" ("group_id", "permission_id");
CREATE INDEX IF NOT EXISTS "auth_group_permissions_group_id_b120cbf9" ON "auth_group_permissions" ("group_id");
CREATE INDEX IF NOT EXISTS "auth_group_permissions_permission_id_84c5c92e" ON "auth_group_permissions" ("permission_id");
CREATE UNIQUE INDEX "auth_permission_content_type_id_codename_01ab375a_uniq" ON "auth_permission" ("content_type_id", "codename");
CREATE INDEX IF NOT EXISTS "auth_permission_content_type_id_2f476e4b" ON "auth_permission" ("content_type_id");
CREATE INDEX IF NOT EXISTS "v1_customuser_user_district_id_95d0f4e5" ON "v1_customuser" ("user_district_id");
CREATE INDEX IF NOT EXISTS "v1_customuser_user_state_id_6f146892" ON "v1_customuser" ("user_state_id");
CREATE UNIQUE INDEX "v1_customuser_groups_customuser_id_group_id_8dacacb2_uniq" ON "v1_customuser_groups" ("customuser_id", "group_id");
CREATE INDEX IF NOT EXISTS "v1_customuser_groups_customuser_id_b2aad204" ON "v1_customuser_groups" ("customuser_id");
CREATE INDEX IF NOT EXISTS "v1_customuser_groups_group_id_a5d7ad54" ON "v1_customuser_groups" ("group_id");
CREATE UNIQUE INDEX "v1_customuser_user_permissions_customuser_id_permission_id_ea0f6ae4_uniq" ON "v1_customuser_user_permissions" ("customuser_id", "permission_id");
CREATE INDEX IF NOT EXISTS "v1_customuser_user_permissions_customuser_id_552a1fc1" ON "v1_customuser_user_permissions" ("customuser_id");
CREATE INDEX IF NOT EXISTS "v1_customuser_user_permissions_permission_id_20e4d19a" ON "v1_customuser_user_permissions" ("permission_id");
CREATE INDEX IF NOT EXISTS "v1_case_master_advocate_id_98cf365f" ON "v1_case_master" ("advocate_id");
CREATE INDEX IF NOT EXISTS "v1_case_master_stage_of_case_id_9e7f2ab6" ON "v1_case_master" ("stage_of_case_id");
CREATE INDEX IF NOT EXISTS "v1_case_master_case_type_id_57ad6e45" ON "v1_case_master" ("case_type_id");
CREATE INDEX IF NOT EXISTS "v1_casehistory_case_id_5027ab3c" ON "v1_casehistory" ("case_id");
CREATE INDEX IF NOT EXISTS "v1_clients_advocate_id_d8b260e3" ON "v1_clients" ("advocate_id");
CREATE INDEX IF NOT EXISTS "v1_associate_with_client_case_id_7de008c4" ON "v1_associate_with_client" ("case_id");
CREATE INDEX IF NOT EXISTS "v1_associate_with_client_client_id_66936c6c" ON "v1_associate_with_client" ("client_id");
CREATE INDEX IF NOT EXISTS "v1_courttransfer_case_id_9e796a46" ON "v1_courttransfer" ("case_id");
CREATE INDEX IF NOT EXISTS "v1_bar_district_id_1ef5cf73" ON "v1_bar" ("district_id");
CREATE INDEX IF NOT EXISTS "v1_district_state_id_157dcff4" ON "v1_district" ("state_id");
CREATE INDEX IF NOT EXISTS "v1_court_court_type_id_465696d0" ON "v1_court" ("court_type_id");
CREATE INDEX IF NOT EXISTS "v1_court_district_id_37d5870d" ON "v1_court" ("district_id");
CREATE INDEX IF NOT EXISTS "v1_court_state_id_47074aa2" ON "v1_court" ("state_id");
CREATE INDEX IF NOT EXISTS "django_admin_log_content_type_id_c4bce8eb" ON "django_admin_log" ("content_type_id");
CREATE INDEX IF NOT EXISTS "django_admin_log_user_id_c564eba6" ON "django_admin_log" ("user_id");
CREATE INDEX IF NOT EXISTS "django_session_expire_date_a5c62663" ON "django_session" ("expire_date");
CREATE TABLE IF NOT EXISTS "v1_user_login_details" ("id" integer NOT NULL PRIMARY KEY AUTOINCREMENT, "uid" char(32) NOT NULL UNIQUE, "created_at" datetime NOT NULL, "updated_at" datetime NOT NULL, "is_deleted" bool NOT NULL, "login_ip" char(39) NOT NULL, "login_device" varchar(100) NOT NULL, "login_location" varchar(100) NOT NULL, "login_time" datetime NOT NULL, "logout_time" datetime NOT NULL, "user_id_id" bigint NOT NULL UNIQUE REFERENCES "v1_user_id" ("id") DEFERRABLE INITIALLY DEFERRED);
CREATE UNIQUE INDEX "django_content_type_app_label_model_76bd3d3b_uniq" ON "django_content_type" ("app_label", "model");
CREATE UNIQUE INDEX "auth_group_permissions_group_id_permission_id_0cd325b0_uniq" ON "auth_group_permissions" ("group_id", "permission_id");
CREATE INDEX IF NOT EXISTS "auth_group_permissions_group_id_b120cbf9" ON "auth_group_permissions" ("group_id");
CREATE INDEX IF NOT EXISTS "auth_group_permissions_permission_id_84c5c92e" ON "auth_group_permissions" ("permission_id");
CREATE UNIQUE INDEX "auth_permission_content_type_id_codename_01ab375a_uniq" ON "auth_permission" ("content_type_id", "codename");
CREATE INDEX IF NOT EXISTS "auth_permission_content_type_id_2f476e4b" ON "auth_permission" ("content_type_id");
CREATE INDEX IF NOT EXISTS "v1_customuser_user_district_id_95d0f4e5" ON "v1_customuser" ("user_district_id");
CREATE INDEX IF NOT EXISTS "v1_customuser_user_state_id_6f146892" ON "v1_customuser" ("user_state_id");
CREATE UNIQUE INDEX "v1_customuser_groups_customuser_id_group_id_8dacacb2_uniq" ON "v1_customuser_groups" ("customuser_id", "group_id");
CREATE INDEX IF NOT EXISTS "v1_customuser_groups_customuser_id_b2aad204" ON "v1_customuser_groups" ("customuser_id");
CREATE INDEX IF NOT EXISTS "v1_customuser_groups_group_id_a5d7ad54" ON "v1_customuser_groups" ("group_id");
CREATE UNIQUE INDEX "v1_customuser_user_permissions_customuser_id_permission_id_ea0f6ae4_uniq" ON "v1_customuser_user_permissions" ("customuser_id", "permission_id");
CREATE INDEX IF NOT EXISTS "v1_customuser_user_permissions_customuser_id_552a1fc1" ON "v1_customuser_user_permissions" ("customuser_id");
CREATE INDEX IF NOT EXISTS "v1_customuser_user_permissions_permission_id_20e4d19a" ON "v1_customuser_user_permissions" ("permission_id");
CREATE INDEX IF NOT EXISTS "v1_case_master_advocate_id_98cf365f" ON "v1_case_master" ("advocate_id");
CREATE INDEX IF NOT EXISTS "v1_case_master_stage_of_case_id_9e7f2ab6" ON "v1_case_master" ("stage_of_case_id");
CREATE INDEX IF NOT EXISTS "v1_case_master_case_type_id_57ad6e45" ON "v1_case_master" ("case_type_id");
CREATE INDEX IF NOT EXISTS "v1_casehistory_case_id_5027ab3c" ON "v1_casehistory" ("case_id");
CREATE INDEX IF NOT EXISTS "v1_clients_advocate_id_d8b260e3" ON "v1_clients" ("advocate_id");
CREATE INDEX IF NOT EXISTS "v1_associate_with_client_case_id_7de008c4" ON "v1_associate_with_client" ("case_id");
CREATE INDEX IF NOT EXISTS "v1_associate_with_client_client_id_66936c6c" ON "v1_associate_with_client" ("client_id");
CREATE INDEX IF NOT EXISTS "v1_courttransfer_case_id_9e796a46" ON "v1_courttransfer" ("case_id");
CREATE INDEX IF NOT EXISTS "v1_bar_district_id_1ef5cf73" ON "v1_bar" ("district_id");
CREATE INDEX IF NOT EXISTS "v1_district_state_id_157dcff4" ON "v1_district" ("state_id");
CREATE INDEX IF NOT EXISTS "v1_court_court_type_id_465696d0" ON "v1_court" ("court_type_id");
CREATE INDEX IF NOT EXISTS "v1_court_district_id_37d5870d" ON "v1_court" ("district_id");
CREATE INDEX IF NOT EXISTS "v1_court_state_id_47074aa2" ON "v1_court" ("state_id");
CREATE INDEX IF NOT EXISTS "django_admin_log_content_type_id_c4bce8eb" ON "django_admin_log" ("content_type_id");
CREATE INDEX IF NOT EXISTS "django_admin_log_user_id_c564eba6" ON "django_admin_log" ("user_id");
CREATE INDEX IF NOT EXISTS "django_session_expire_date_a5c62663" ON "django_session" ("expire_date");
